State_UT,District,Year,MURDER,ATTEMPT TO MURDER,CULPABLE HOMICIDE NOT AMOUNTING TO MURDER,RAPE,CUSTODIAL RAPE,OTHER RAPE,Total Kidnapping & Abduction,Kidnapping & Abduction of Women,Kidnapping & Abduction of Others,DACOITY,PREPARATION AND ASSEMBLY FOR DACOITY,ROBBERY,BURGLARY,THEFT,AUTO THEFT,OTHER THEFT,RIOTS,CRIMINAL BREACH OF TRUST,CHEATING,COUNTERFIETING,ARSON,HURT/GREVIOUS HURT,DOWRY DEATHS,ASSAULT ON WOMEN WITH INTENT TO OUTRAGE HER MODESTY,INSULT TO MODESTY OF WOMEN,CRUELTY BY HUSBAND OR HIS RELATIVES,IMPORTATION OF GIRLS FROM FOREIGN COUNTRIES,CAUSING DEATH BY NEGLIGENCE,OTHER IPC CRIMES,TOTAL IPC CRIMES,WOMEN_CRIME_TOTAL,VIOLENT_CRIME_TOTAL,PROPERTY_CRIME_TOTAL,IPC_TOTAL_LAG_1,WOMEN_CRIME_LAG_1,VIOLENT_CRIME_LAG_1,IPC_ROLLING_MEAN_3,WOMEN_ROLLING_MEAN_3,IPC_YEARLY_CHANGE,WOMEN_YEARLY_CHANGE,TARGET_NEXT_YEAR_IPC,TARGET_NEXT_YEAR_WOMEN_CRIME
Maharashtra,AHMEDNAGAR,2002,82,45,6,45,0,45,27,20,7,19,11,97,352,841,239,602,296,56,69,1,38,663,8,75,0,280,0,445,1050,4506,428,1261,2034,4391.0,641.0,1165.0,4391.0,641.0,115.0,-213.0,4251.0,413.0
Maharashtra,AKOLA,2002,59,34,0,28,0,28,21,16,5,8,0,41,314,729,82,647,120,19,37,9,40,801,4,70,11,156,0,116,1269,3886,285,1104,1772,4020.0,336.0,1111.0,4020.0,336.0,-134.0,-51.0,3900.0,284.0
Maharashtra,AMRAVATI COMMR.,2002,27,25,1,18,0,18,12,10,2,2,0,42,275,791,127,664,50,18,52,2,16,475,4,35,32,68,0,65,655,2665,167,650,1857,2837.0,180.0,698.0,2837.0,180.0,-172.0,-13.0,2986.0,182.0
Maharashtra,AMRAVATI RURAL,2002,58,36,3,66,0,66,22,21,1,15,1,47,392,1052,42,1010,85,16,26,0,59,773,5,130,19,95,0,142,880,3922,336,1090,2496,3655.0,300.0,1198.0,3655.0,300.0,267.0,36.0,3763.0,361.0
Maharashtra,AURANGABAD COMMR.,2002,32,18,0,8,0,8,20,12,8,8,2,58,248,535,198,337,124,12,96,1,12,408,7,30,13,110,0,108,590,2440,180,668,1318,2351.0,179.0,637.0,2351.0,179.0,89.0,1.0,2286.0,190.0
Maharashtra,AURANGABAD RURAL,2002,50,29,0,12,0,12,11,8,3,13,2,32,131,291,41,250,158,10,26,1,53,792,24,36,12,208,0,199,613,2703,300,1084,713,2708.0,352.0,1085.0,2708.0,352.0,-5.0,-52.0,2675.0,296.0
Maharashtra,BEED,2002,69,51,0,25,0,25,23,10,13,18,3,64,198,431,65,366,313,31,43,0,38,884,2,51,7,158,0,202,677,3288,253,1429,1060,3644.0,309.0,1505.0,3644.0,309.0,-356.0,-56.0,3887.0,298.0
Maharashtra,BHANDARA,2002,36,13,2,32,0,32,16,15,1,1,1,14,228,340,37,303,66,14,25,0,43,403,3,57,37,70,0,113,744,2258,214,582,908,2252.0,213.0,570.0,2252.0,213.0,6.0,1.0,2313.0,204.0
Maharashtra,BULDHANA,2002,50,35,2,30,0,30,18,14,4,22,0,42,259,728,44,684,169,21,43,4,87,749,17,107,21,162,0,175,924,3665,351,1095,1715,3701.0,437.0,1152.0,3701.0,437.0,-36.0,-86.0,3821.0,409.0
Maharashtra,CHANDRAPUR,2002,52,19,6,29,0,29,24,21,3,5,3,28,249,471,54,417,128,31,50,5,42,538,3,89,9,116,0,187,886,2970,267,824,1191,3123.0,326.0,816.0,3123.0,326.0,-153.0,-59.0,3033.0,258.0
Maharashtra,DHULE,2002,46,25,1,16,0,16,8,8,0,4,2,14,96,355,73,282,82,21,40,0,23,392,7,20,6,124,0,194,673,2149,181,584,806,2040.0,180.0,533.0,2040.0,180.0,109.0,1.0,1754.0,128.0
Maharashtra,GADCHIROLI,2002,51,33,4,22,0,22,9,8,1,12,0,11,113,113,7,106,33,17,17,0,42,285,0,59,15,65,0,62,440,1403,169,448,339,1364.0,162.0,397.0,1364.0,162.0,39.0,7.0,1501.0,203.0
Maharashtra,GONDIA,2002,44,16,0,25,0,25,21,20,1,5,0,14,217,318,42,276,23,15,24,10,8,370,4,74,15,70,0,91,595,1959,208,513,853,2006.0,231.0,462.0,2006.0,231.0,-47.0,-23.0,1875.0,235.0
Maharashtra,HINGOLI,2002,32,15,1,17,0,17,7,7,0,7,0,34,103,163,16,147,74,18,21,1,18,485,6,36,4,98,0,58,431,1629,168,665,429,1841.0,212.0,698.0,1841.0,212.0,-212.0,-44.0,1735.0,176.0
Maharashtra,JALGAON,2002,81,39,2,22,0,22,21,19,2,20,4,29,316,626,100,526,184,46,55,8,13,790,10,78,29,219,0,289,1421,4302,377,1168,1568,4014.0,532.0,1070.0,4014.0,532.0,288.0,-155.0,3927.0,394.0
Maharashtra,JALNA,2002,48,28,1,14,0,14,11,8,3,10,0,38,187,272,37,235,128,16,47,0,28,587,5,25,8,199,0,116,558,2326,259,855,731,2529.0,264.0,936.0,2529.0,264.0,-203.0,-5.0,2430.0,308.0
Maharashtra,KOLHAPUR,2002,65,42,3,17,0,17,15,7,8,16,1,17,220,472,162,310,138,46,70,3,18,549,20,46,8,70,0,284,870,2990,168,846,1164,3162.0,191.0,814.0,3162.0,191.0,-172.0,-23.0,3358.0,169.0
Maharashtra,LATUR,2002,39,27,2,4,0,4,19,19,0,8,1,45,102,264,55,209,166,32,41,2,30,869,5,53,5,125,0,147,846,2832,211,1171,630,3044.0,274.0,1322.0,3044.0,274.0,-212.0,-63.0,3074.0,198.0
Maharashtra,MUMBAI,2002,252,134,7,128,0,128,119,61,58,33,57,291,2597,10166,3101,7065,143,342,1155,76,5,3542,18,254,40,214,0,753,5950,26276,715,4616,22929,28968.0,673.0,5223.0,28968.0,673.0,-2692.0,42.0,25686.0,751.0
Maharashtra,MUMBAI RLY.,2002,3,3,0,2,0,2,7,3,4,1,4,22,4,1694,2,1692,8,12,35,3,0,34,0,4,2,0,0,2,102,1942,11,79,3392,2023.0,7.0,97.0,2023.0,7.0,-81.0,4.0,1841.0,24.0
Maharashtra,NAGPUR COMMR.,2002,98,54,0,49,0,49,50,41,9,12,62,146,1307,2511,845,1666,254,50,235,14,23,916,4,63,38,210,0,218,2408,8722,405,1567,6329,9912.0,446.0,1771.0,9912.0,446.0,-1190.0,-41.0,7357.0,267.0
Maharashtra,NAGPUR RLY.,2002,7,2,1,0,0,0,0,0,0,8,0,16,2,797,9,788,8,5,2,7,1,25,0,2,1,0,0,2,166,1052,3,59,1596,1056.0,8.0,82.0,1056.0,8.0,-4.0,-5.0,1169.0,9.0
Maharashtra,NAGPUR RURAL,2002,95,35,1,66,0,66,25,19,6,10,1,61,401,998,76,922,132,24,38,1,90,915,7,114,61,98,0,306,1574,5053,365,1330,2397,5680.0,666.0,1555.0,5680.0,666.0,-627.0,-301.0,4644.0,324.0
Maharashtra,NANDED,2002,83,85,0,29,0,29,40,34,6,20,10,100,373,542,84,458,191,21,110,1,72,1559,24,83,6,241,0,137,2072,5799,417,2087,1457,5348.0,389.0,2004.0,5348.0,389.0,451.0,28.0,5829.0,377.0
Maharashtra,NANDURBAR,2002,26,9,0,28,0,28,5,5,0,5,0,14,103,146,23,123,82,15,27,1,9,237,2,41,5,75,0,71,277,1178,156,401,395,1079.0,130.0,411.0,1079.0,130.0,99.0,26.0,1283.0,144.0
Maharashtra,NASIK COMMR.,2002,25,9,2,12,0,12,17,8,9,5,5,32,369,612,211,401,131,23,98,0,4,272,3,20,11,136,0,143,592,2521,190,500,1593,2195.0,141.0,464.0,2195.0,141.0,326.0,49.0,2542.0,175.0
Maharashtra,NASIK RURAL,2002,90,44,1,38,0,38,14,10,4,21,4,37,301,481,97,384,365,40,53,0,45,1024,8,101,57,375,0,432,1252,4783,589,1613,1263,4880.0,506.0,1683.0,4880.0,506.0,-97.0,83.0,4384.0,544.0
Maharashtra,NAVI MUMBAI,2002,48,21,1,24,0,24,18,9,9,14,15,50,333,890,320,570,66,68,197,5,3,322,6,28,7,34,0,269,652,3071,108,550,2113,3063.0,114.0,584.0,3063.0,114.0,8.0,-6.0,2861.0,119.0
Maharashtra,OSMANABAD,2002,46,17,3,28,0,28,15,8,7,10,1,26,143,277,17,260,173,22,30,0,32,828,0,53,10,115,0,166,661,2656,214,1136,697,2702.0,185.0,1119.0,2702.0,185.0,-46.0,29.0,2507.0,158.0
Maharashtra,PARBHANI,2002,55,31,0,19,0,19,11,7,4,7,2,68,141,229,45,184,143,9,38,0,24,955,5,55,4,137,0,91,342,2366,227,1282,599,2475.0,229.0,1309.0,2475.0,229.0,-109.0,-2.0,2350.0,230.0
Maharashtra,PUNE COMMR.,2002,95,42,0,51,0,51,36,22,14,8,6,80,836,2447,1197,1250,702,72,346,0,13,1058,5,59,97,131,0,332,2088,8504,365,2064,5730,8936.0,393.0,2225.0,8936.0,393.0,-432.0,-28.0,8813.0,388.0
Maharashtra,PUNE RLY.,2002,1,3,0,2,1,1,1,1,0,0,0,7,0,321,0,321,1,3,5,0,0,2,0,0,0,0,0,0,63,409,3,17,642,386.0,3.0,24.0,386.0,3.0,23.0,0.0,261.0,4.0
Maharashtra,PUNE RURAL,2002,141,37,7,42,0,42,16,9,7,16,9,61,296,706,251,455,185,33,41,2,23,592,4,60,14,175,0,757,1301,4518,304,1081,1708,4380.0,304.0,969.0,4380.0,304.0,138.0,0.0,4479.0,278.0
Maharashtra,RAIGAD,2002,43,21,0,29,0,29,12,10,2,24,3,38,169,278,49,229,144,19,54,1,17,277,13,40,11,54,0,283,619,2149,157,564,725,2218.0,113.0,499.0,2218.0,113.0,-69.0,44.0,2179.0,145.0
Maharashtra,RATNAGIRI,2002,26,6,0,13,0,13,5,5,0,1,1,12,144,175,23,152,49,11,22,1,19,211,0,41,16,23,0,103,343,1222,98,322,494,1431.0,127.0,356.0,1431.0,127.0,-209.0,-29.0,1272.0,101.0
Maharashtra,SANGLI,2002,97,29,0,33,0,33,22,14,8,13,3,22,225,446,104,342,107,25,90,0,29,411,4,38,8,63,0,289,734,2688,160,721,1117,2999.0,224.0,881.0,2999.0,224.0,-311.0,-64.0,2713.0,200.0
Maharashtra,SATARA,2002,83,17,4,31,0,31,14,9,5,11,3,26,218,442,111,331,97,41,72,1,20,490,13,51,2,156,0,360,1189,3341,262,762,1102,3465.0,289.0,720.0,3465.0,289.0,-124.0,-27.0,3164.0,234.0
Maharashtra,SINDHUDURG,2002,18,7,0,11,0,11,4,2,2,6,0,8,97,96,16,80,43,8,9,1,16,152,1,14,1,11,0,73,205,781,40,243,289,821.0,50.0,220.0,821.0,50.0,-40.0,-10.0,810.0,35.0
Maharashtra,SOLAPUR COMMR.,2002,27,39,2,30,0,30,13,8,5,31,3,18,203,313,85,228,109,7,42,1,10,180,4,10,5,62,0,68,420,1597,119,418,829,1567.0,114.0,408.0,1567.0,114.0,30.0,5.0,1682.0,121.0
Maharashtra,SOLAPUR RURAL,2002,79,40,2,33,0,33,28,23,5,9,3,23,122,309,64,245,184,31,30,1,43,558,1,34,0,74,0,363,868,2835,165,947,740,3145.0,197.0,1020.0,3145.0,197.0,-310.0,-32.0,3230.0,245.0
Maharashtra,THANE COMMR.,2002,128,68,0,42,0,42,75,41,34,36,35,124,924,1615,636,979,229,70,446,6,32,1010,3,91,40,175,0,247,1023,6419,392,1676,4154,6616.0,406.0,1972.0,6616.0,406.0,-197.0,-14.0,6708.0,338.0
Maharashtra,THANE RURAL,2002,122,41,21,51,0,51,35,0,35,42,10,81,485,588,195,393,174,35,79,0,37,727,16,100,26,81,0,564,695,4010,274,1252,1661,3780.0,292.0,1119.0,3780.0,292.0,230.0,-18.0,4008.0,304.0
Maharashtra,WARDHA,2002,49,31,5,37,0,37,21,19,2,2,2,42,257,601,51,550,122,16,43,5,31,744,2,110,30,79,0,127,1137,3493,277,1051,1459,3443.0,278.0,1087.0,3443.0,278.0,50.0,-1.0,3783.0,193.0
Maharashtra,WASHIM,2002,34,13,0,29,0,29,9,8,1,5,1,27,122,354,22,332,71,4,15,2,22,416,9,45,9,99,0,73,516,1875,199,599,830,1826.0,224.0,559.0,1826.0,224.0,49.0,-25.0,1959.0,225.0
Maharashtra,YAVATMAL,2002,76,67,2,65,0,65,36,31,5,5,0,37,299,780,67,713,110,23,51,0,41,980,17,104,17,142,0,185,1272,4309,376,1373,1859,4157.0,428.0,1321.0,4157.0,428.0,152.0,-52.0,4223.0,418.0
Maharashtra,AHMEDNAGAR,2003,101,38,2,44,0,44,27,13,14,17,13,102,302,786,232,554,254,29,77,6,44,575,15,51,3,287,0,480,998,4251,413,1143,1874,4506.0,428.0,1261.0,4448.5,534.5,-255.0,-15.0,4738.0,404.0
Maharashtra,AKOLA,2003,48,38,0,29,0,29,29,29,0,10,1,45,298,727,86,641,89,15,70,5,28,832,9,80,5,132,0,116,1294,3900,284,1110,1752,3886.0,285.0,1104.0,3953.0,310.5,14.0,-1.0,4354.0,321.0
Maharashtra,AMRAVATI COMMR.,2003,31,25,2,26,0,26,15,12,3,6,3,35,316,948,157,791,85,21,38,5,20,435,3,45,19,77,0,71,760,2986,182,654,2212,2665.0,167.0,650.0,2751.0,173.5,321.0,15.0,2740.0,150.0
Maharashtra,AMRAVATI RURAL,2003,53,38,3,47,0,47,17,15,2,11,0,31,343,902,41,861,138,19,29,4,70,855,8,118,22,151,0,132,772,3763,361,1182,2147,3922.0,336.0,1090.0,3788.5,318.0,-159.0,25.0,3660.0,339.0
Maharashtra,AURANGABAD COMMR.,2003,28,26,1,8,0,8,19,13,6,17,5,49,234,506,167,339,126,16,111,4,11,339,4,25,10,130,0,102,515,2286,190,596,1246,2440.0,180.0,668.0,2395.5,179.5,-154.0,10.0,2326.0,191.0
Maharashtra,AURANGABAD RURAL,2003,60,24,0,14,0,14,4,4,0,10,2,47,110,281,54,227,165,9,35,1,53,798,32,48,8,190,0,200,584,2675,296,1112,672,2703.0,300.0,1084.0,2705.5,326.0,-28.0,-4.0,2777.0,334.0
Maharashtra,BEED,2003,72,55,1,25,0,25,17,11,6,23,7,73,282,599,103,496,318,24,47,2,53,992,10,58,8,186,0,186,849,3887,298,1553,1480,3288.0,253.0,1429.0,3466.0,281.0,599.0,45.0,3936.0,385.0
Maharashtra,BHANDARA,2003,30,7,1,41,0,41,7,6,1,3,0,12,224,361,33,328,73,13,19,0,30,378,7,54,27,69,0,117,840,2313,204,549,946,2258.0,214.0,582.0,2255.0,213.5,55.0,-10.0,2550.0,210.0
Maharashtra,BULDHANA,2003,53,33,4,39,0,39,17,13,4,17,2,40,239,723,62,661,167,19,69,7,86,825,61,106,26,164,0,180,944,3821,409,1178,1685,3665.0,351.0,1095.0,3683.0,394.0,156.0,58.0,3705.0,407.0
Maharashtra,CHANDRAPUR,2003,41,21,8,36,0,36,13,12,1,8,1,29,295,574,77,497,116,21,47,1,27,508,3,85,21,101,0,189,888,3033,258,772,1443,2970.0,267.0,824.0,3046.5,296.5,63.0,-9.0,3539.0,265.0
Maharashtra,DHULE,2003,32,13,2,7,0,7,5,5,0,2,3,3,82,219,70,149,61,17,38,2,3,290,2,18,6,90,0,223,636,1754,128,413,520,2149.0,181.0,584.0,2094.5,180.5,-395.0,-53.0,2042.0,144.0
Maharashtra,GADCHIROLI,2003,58,28,4,30,0,30,17,13,4,9,0,7,113,131,10,121,21,21,8,1,51,282,2,57,20,81,0,60,500,1501,203,447,375,1403.0,169.0,448.0,1383.5,165.5,98.0,34.0,1367.0,143.0
Maharashtra,GONDIA,2003,41,13,1,25,0,25,12,11,1,7,1,9,214,300,27,273,27,10,13,1,15,360,6,93,26,74,0,82,545,1875,235,488,814,1959.0,208.0,513.0,1982.5,219.5,-84.0,27.0,1898.0,200.0
Maharashtra,HINGOLI,2003,28,29,1,14,0,14,7,7,0,4,0,44,98,142,21,121,107,6,31,0,25,488,1,36,6,112,0,77,479,1735,176,718,382,1629.0,168.0,665.0,1735.0,190.0,106.0,8.0,1689.0,151.0
Maharashtra,JALGAON,2003,82,39,3,38,0,38,20,9,11,13,2,28,228,475,103,372,135,65,147,2,19,822,8,79,21,239,0,276,1186,3927,394,1167,1178,4302.0,377.0,1168.0,4158.0,454.5,-375.0,17.0,4336.0,498.0
Maharashtra,JALNA,2003,53,25,1,8,0,8,15,14,1,7,0,43,165,309,63,246,146,16,44,2,28,644,15,53,14,204,0,100,538,2430,308,935,783,2326.0,259.0,855.0,2427.5,261.5,104.0,49.0,2603.0,327.0
Maharashtra,KOLHAPUR,2003,66,40,7,15,0,15,18,11,7,5,0,24,229,508,178,330,148,93,304,6,16,567,25,47,7,64,0,286,883,3358,169,885,1245,2990.0,168.0,846.0,3076.0,179.5,368.0,1.0,3132.0,185.0
Maharashtra,LATUR,2003,56,34,0,21,0,21,15,15,0,4,2,34,100,291,42,249,175,25,58,0,37,950,31,49,2,80,0,154,956,3074,198,1285,682,2832.0,211.0,1171.0,2938.0,242.5,242.0,-13.0,3382.0,198.0
Maharashtra,MUMBAI,2003,242,115,8,133,0,133,150,85,65,30,53,239,2550,9793,2883,6910,131,392,1178,73,7,3562,8,282,44,199,0,632,5865,25686,751,4580,22136,26276.0,715.0,4616.0,27622.0,694.0,-590.0,36.0,29453.0,960.0
Maharashtra,MUMBAI RLY.,2003,9,8,0,4,0,4,2,2,0,1,2,32,3,1589,1,1588,9,10,36,1,0,28,1,16,1,0,0,0,89,1841,24,92,3181,1942.0,11.0,79.0,1982.5,9.0,-101.0,13.0,2020.0,14.0
Maharashtra,NAGPUR COMMR.,2003,104,40,0,26,0,26,36,29,7,16,37,172,1079,2022,722,1300,165,46,151,16,14,783,4,36,36,136,0,224,2214,7357,267,1326,5123,8722.0,405.0,1567.0,9317.0,425.5,-1365.0,-138.0,8518.0,337.0
Maharashtra,NAGPUR RLY.,2003,8,2,0,1,0,1,2,2,0,1,1,12,3,940,7,933,4,3,2,14,0,29,0,5,1,0,0,2,139,1169,9,58,1883,1052.0,3.0,59.0,1054.0,5.5,117.0,6.0,1249.0,8.0
Maharashtra,NAGPUR RURAL,2003,73,28,5,52,0,52,23,19,4,4,5,63,341,860,66,794,112,28,47,8,62,758,5,95,42,111,0,309,1613,4644,324,1114,2061,5053.0,365.0,1330.0,5366.5,515.5,-409.0,-41.0,4884.0,309.0
Maharashtra,NANDED,2003,71,90,1,33,0,33,24,14,10,25,8,74,362,518,76,442,219,19,131,1,73,1508,16,78,7,229,0,131,2211,5829,377,2020,1398,5799.0,417.0,2087.0,5573.5,403.0,30.0,-40.0,5687.0,351.0
Maharashtra,NANDURBAR,2003,43,13,0,10,0,10,10,9,1,10,1,11,89,134,21,113,91,9,23,3,5,277,2,34,12,77,0,94,335,1283,144,455,357,1178.0,156.0,401.0,1128.5,143.0,105.0,-12.0,1247.0,147.0
Maharashtra,NASIK COMMR.,2003,27,20,1,11,0,11,14,12,2,13,3,31,375,705,241,464,86,25,101,2,4,233,4,18,14,116,0,153,586,2542,175,423,1785,2521.0,190.0,500.0,2358.0,165.5,21.0,-15.0,2606.0,198.0
Maharashtra,NASIK RURAL,2003,110,46,5,54,0,54,20,14,6,25,8,51,260,447,81,366,277,43,95,8,41,806,3,84,31,358,0,411,1201,4384,544,1369,1154,4783.0,589.0,1613.0,4831.5,547.5,-399.0,-45.0,4344.0,562.0
Maharashtra,NAVI MUMBAI,2003,50,19,0,16,0,16,17,7,10,10,19,49,318,782,330,452,67,52,145,4,1,319,6,28,7,55,0,291,606,2861,119,537,1882,3071.0,108.0,550.0,3067.0,111.0,-210.0,11.0,3688.0,122.0
Maharashtra,OSMANABAD,2003,38,16,2,12,0,12,7,3,4,6,0,17,191,329,41,288,153,20,25,1,15,727,3,37,11,92,0,176,629,2507,158,972,849,2656.0,214.0,1136.0,2679.0,199.5,-149.0,-56.0,2418.0,187.0
Maharashtra,PARBHANI,2003,52,30,1,13,0,13,12,7,5,26,0,56,151,205,38,167,131,7,60,3,25,966,7,49,5,149,0,77,325,2350,230,1261,561,2366.0,227.0,1282.0,2420.5,228.0,-16.0,3.0,2444.0,209.0
Maharashtra,PUNE COMMR.,2003,110,54,4,40,0,40,46,27,19,11,8,97,868,2740,1568,1172,531,63,462,7,7,983,2,61,92,166,0,368,2093,8813,388,1865,6348,8504.0,365.0,2064.0,8720.0,379.0,309.0,23.0,10754.0,453.0
Maharashtra,PUNE RLY.,2003,0,0,0,3,0,3,0,0,0,0,0,4,0,192,1,191,2,0,3,2,1,1,0,1,0,0,0,2,50,261,4,10,384,409.0,3.0,17.0,397.5,3.0,-148.0,1.0,186.0,1.0
Maharashtra,PUNE RURAL,2003,127,26,6,29,0,29,26,14,12,13,14,58,283,661,247,414,143,41,87,0,21,563,7,55,8,165,0,782,1364,4479,278,978,1605,4518.0,304.0,1081.0,4449.0,304.0,-39.0,-26.0,4830.0,298.0
Maharashtra,RAIGAD,2003,50,22,1,25,0,25,19,12,7,17,2,26,156,274,46,228,129,15,47,5,14,281,2,42,7,57,0,308,680,2179,145,553,704,2149.0,157.0,564.0,2183.5,135.0,30.0,-12.0,2127.0,127.0
Maharashtra,RATNAGIRI,2003,20,14,3,16,0,16,5,1,4,2,0,5,154,178,31,147,48,18,43,5,17,191,0,27,10,47,0,112,357,1272,101,302,510,1222.0,98.0,322.0,1326.5,112.5,50.0,3.0,1301.0,125.0
Maharashtra,SANGLI,2003,78,24,5,47,0,47,24,12,12,9,4,19,187,498,136,362,93,32,153,11,33,414,7,39,8,87,0,297,644,2713,200,704,1183,2688.0,160.0,721.0,2843.5,192.0,25.0,40.0,2588.0,169.0
Maharashtra,SATARA,2003,61,20,0,17,0,17,14,6,8,20,3,34,213,506,136,370,88,31,79,1,16,413,8,42,5,156,0,340,1097,3164,234,647,1225,3341.0,262.0,762.0,3403.0,275.5,-177.0,-28.0,3288.0,258.0
Maharashtra,SINDHUDURG,2003,14,4,1,8,0,8,8,4,4,4,1,8,97,93,13,80,38,17,9,2,10,178,1,16,3,3,0,56,239,810,35,259,283,781.0,40.0,243.0,801.0,45.0,29.0,-5.0,791.0,39.0
Maharashtra,SOLAPUR COMMR.,2003,22,15,2,15,0,15,15,8,7,9,1,45,160,351,104,247,66,19,116,2,10,197,4,19,3,72,0,76,463,1682,121,377,862,1597.0,119.0,418.0,1582.0,116.5,85.0,2.0,1737.0,103.0
Maharashtra,SOLAPUR RURAL,2003,112,50,6,44,0,44,22,15,7,10,3,34,173,367,67,300,153,26,35,4,30,726,4,52,0,130,0,395,854,3230,245,1147,907,2835.0,165.0,947.0,2990.0,181.0,395.0,80.0,2990.0,260.0
Maharashtra,THANE COMMR.,2003,111,63,4,51,0,51,58,35,23,23,20,148,929,1872,650,1222,238,76,570,20,10,1378,4,66,29,153,0,241,644,6708,338,2051,4673,6419.0,392.0,1676.0,6517.5,399.0,289.0,-54.0,7286.0,423.0
Maharashtra,THANE RURAL,2003,149,49,7,51,0,51,32,16,16,33,11,85,476,537,106,431,208,64,103,9,20,644,6,101,23,107,0,519,774,4008,304,1225,1550,4010.0,274.0,1252.0,3895.0,283.0,-2.0,30.0,4250.0,342.0
Maharashtra,WARDHA,2003,48,26,3,25,0,25,15,15,0,6,0,27,284,655,45,610,48,26,50,6,53,791,1,81,4,67,0,116,1451,3783,193,983,1594,3493.0,277.0,1051.0,3468.0,277.5,290.0,-84.0,3692.0,242.0
Maharashtra,WASHIM,2003,27,24,1,15,0,15,13,10,3,11,0,21,100,323,18,305,75,7,21,3,33,514,9,60,12,119,0,74,497,1959,225,690,746,1875.0,199.0,599.0,1850.5,211.5,84.0,26.0,2233.0,262.0
Maharashtra,YAVATMAL,2003,83,68,6,50,0,50,38,35,3,6,3,23,218,745,70,675,58,33,48,1,50,995,12,135,16,170,0,161,1304,4223,418,1321,1708,4309.0,376.0,1373.0,4233.0,402.0,-86.0,42.0,4917.0,470.0
Maharashtra,AHMEDNAGAR,2004,98,57,0,41,0,41,25,13,12,30,10,108,309,969,289,680,175,25,114,1,35,618,0,73,0,277,0,452,1321,4738,404,1122,2247,4251.0,413.0,1143.0,4382.666666666667,494.0,487.0,-9.0,5241.0,510.0
Maharashtra,AKOLA,2004,55,45,0,38,0,38,23,21,2,15,1,57,314,957,99,858,108,23,88,6,30,843,6,94,15,147,0,102,1387,4354,321,1169,2228,3900.0,284.0,1110.0,3935.3333333333335,301.6666666666667,454.0,37.0,4594.0,326.0
Maharashtra,AMRAVATI COMMR.,2004,19,20,4,17,0,17,21,18,3,0,1,45,242,838,172,666,95,19,37,3,20,417,1,40,20,54,0,63,764,2740,150,638,1918,2986.0,182.0,654.0,2829.3333333333335,176.33333333333334,-246.0,-32.0,2573.0,141.0
Maharashtra,AMRAVATI RURAL,2004,60,28,7,56,0,56,20,19,1,7,8,21,305,888,40,848,95,10,26,0,62,832,9,127,24,104,0,124,847,3660,339,1119,2081,3763.0,361.0,1182.0,3780.0,332.3333333333333,-103.0,-22.0,3655.0,374.0
Maharashtra,AURANGABAD COMMR.,2004,31,17,0,12,0,12,15,14,1,13,7,36,194,603,192,411,114,8,106,1,3,324,5,21,7,132,0,127,550,2326,191,549,1400,2286.0,190.0,596.0,2359.0,183.0,40.0,1.0,2476.0,170.0
Maharashtra,AURANGABAD RURAL,2004,41,21,0,10,0,10,11,6,5,22,15,44,123,330,39,291,157,10,28,1,33,761,20,57,16,225,0,205,647,2777,334,1045,783,2675.0,296.0,1112.0,2695.3333333333335,316.0,102.0,38.0,2715.0,356.0
Maharashtra,BEED,2004,57,42,1,24,0,24,19,16,3,41,5,59,294,727,143,584,391,21,45,1,39,960,4,82,13,246,0,187,678,3936,385,1553,1748,3887.0,298.0,1553.0,3606.3333333333335,286.6666666666667,49.0,87.0,4324.0,439.0
Maharashtra,BHANDARA,2004,22,11,6,36,0,36,16,16,0,1,0,12,206,492,51,441,77,5,15,7,49,458,1,66,39,52,0,113,866,2550,210,638,1190,2313.0,204.0,549.0,2274.3333333333335,210.33333333333334,237.0,6.0,2398.0,197.0
Maharashtra,BULDHANA,2004,48,35,2,39,0,39,20,16,4,23,2,38,183,745,93,652,131,23,57,6,71,778,18,106,33,195,0,166,986,3705,407,1091,1673,3821.0,409.0,1178.0,3729.0,399.0,-116.0,-2.0,4240.0,448.0
Maharashtra,CHANDRAPUR,2004,59,19,5,31,0,31,18,17,1,11,3,24,326,673,75,598,126,18,59,3,39,625,3,93,27,94,0,205,1078,3539,265,907,1672,3033.0,258.0,772.0,3042.0,283.6666666666667,506.0,7.0,3446.0,287.0
Maharashtra,DHULE,2004,32,16,3,11,0,11,3,3,0,10,2,8,98,266,57,209,88,25,42,0,1,336,1,24,9,96,0,223,748,2042,144,497,630,1754.0,128.0,413.0,1981.0,163.0,288.0,16.0,2258.0,178.0
Maharashtra,GADCHIROLI,2004,47,49,1,31,0,31,8,8,0,5,0,11,126,152,15,137,26,18,18,3,49,270,3,44,11,46,0,58,391,1367,143,443,430,1501.0,203.0,447.0,1422.6666666666667,178.0,-134.0,-60.0,1266.0,134.0
Maharashtra,GONDIA,2004,27,11,1,30,0,30,21,19,2,5,0,23,179,317,36,281,47,6,18,8,20,352,2,85,10,54,0,94,588,1898,200,512,813,1875.0,235.0,488.0,1946.6666666666667,224.66666666666666,23.0,-35.0,2108.0,224.0
Maharashtra,HINGOLI,2004,35,25,2,13,0,13,15,12,3,10,0,34,113,202,19,183,83,10,27,2,29,481,1,29,11,85,0,91,391,1689,151,688,517,1735.0,176.0,718.0,1735.0,185.33333333333334,-46.0,-25.0,1908.0,188.0
Maharashtra,JALGAON,2004,83,39,2,36,0,36,12,12,0,13,1,40,218,652,121,531,169,57,211,4,20,771,6,83,38,323,0,316,1242,4336,498,1152,1522,3927.0,394.0,1167.0,4081.0,434.3333333333333,409.0,104.0,4563.0,505.0
Maharashtra,JALNA,2004,53,30,0,10,0,10,10,6,4,15,1,39,199,338,67,271,151,10,52,2,36,632,24,49,12,226,0,131,583,2603,327,925,875,2430.0,308.0,935.0,2428.3333333333335,277.0,173.0,19.0,2880.0,322.0
Maharashtra,KOLHAPUR,2004,54,54,4,15,0,15,20,14,6,6,1,28,215,621,202,419,127,53,70,5,19,523,29,34,15,78,0,238,923,3132,185,825,1457,3358.0,169.0,885.0,3170.0,176.0,-226.0,16.0,3423.0,198.0
Maharashtra,LATUR,2004,61,31,4,22,0,22,19,19,0,7,5,31,224,366,57,309,188,21,50,1,30,1077,39,36,0,82,0,162,926,3382,198,1433,956,3074.0,198.0,1285.0,2983.3333333333335,227.66666666666666,308.0,0.0,3379.0,255.0
Maharashtra,MUMBAI,2004,253,127,4,187,0,187,178,113,65,42,68,302,2978,11510,3247,8263,213,510,1427,96,10,3702,13,321,78,248,0,735,6451,29453,960,4966,25998,25686.0,751.0,4580.0,26976.666666666668,713.0,3767.0,209.0,31432.0,1152.0
Maharashtra,MUMBAI RLY.,2004,7,4,2,1,0,1,2,1,1,2,2,29,5,1772,2,1770,8,13,31,3,0,32,0,9,3,0,0,2,93,2020,14,85,3549,1841.0,24.0,92.0,1935.3333333333333,14.0,179.0,-10.0,1818.0,23.0
Maharashtra,NAGPUR COMMR.,2004,112,56,2,41,0,41,49,38,11,21,33,178,1107,2447,919,1528,199,37,194,6,22,915,9,41,52,156,0,228,2613,8518,337,1552,6001,7357.0,267.0,1326.0,8663.666666666666,372.6666666666667,1161.0,70.0,9605.0,417.0
Maharashtra,NAGPUR RLY.,2004,5,1,0,2,0,2,2,0,2,2,0,13,1,1024,8,1016,10,4,4,10,0,26,0,5,1,0,0,2,137,1249,8,59,2049,1169.0,9.0,58.0,1092.3333333333333,6.666666666666667,80.0,-1.0,1110.0,13.0
Maharashtra,NAGPUR RURAL,2004,71,27,7,48,0,48,27,22,5,5,7,49,321,1075,93,982,128,20,49,2,54,829,8,104,44,83,0,353,1573,4884,309,1186,2471,4644.0,324.0,1114.0,5125.666666666667,451.6666666666667,240.0,-15.0,4815.0,310.0
Maharashtra,NANDED,2004,91,82,3,31,0,31,23,16,7,24,17,68,395,619,96,523,235,23,79,3,72,1492,16,78,12,198,0,152,1974,5687,351,2025,1633,5829.0,377.0,2020.0,5658.666666666667,394.3333333333333,-142.0,-26.0,5420.0,421.0
Maharashtra,NANDURBAR,2004,35,17,0,20,0,20,9,8,1,5,1,5,78,197,33,164,68,12,29,1,5,237,1,30,6,82,0,89,320,1247,147,391,472,1283.0,144.0,455.0,1180.0,143.33333333333334,-36.0,3.0,1168.0,126.0
Maharashtra,NASIK COMMR.,2004,19,13,4,15,0,15,17,12,5,6,2,17,350,808,295,513,80,15,148,0,6,228,4,26,15,126,0,144,563,2606,198,393,1966,2542.0,175.0,423.0,2419.3333333333335,168.66666666666666,64.0,23.0,2776.0,203.0
Maharashtra,NASIK RURAL,2004,97,41,2,33,0,33,24,18,6,13,11,29,240,462,97,365,293,37,130,5,17,808,11,86,43,371,0,469,1122,4344,562,1327,1164,4384.0,544.0,1369.0,4682.333333333333,546.3333333333334,-40.0,18.0,4513.0,581.0
Maharashtra,NAVI MUMBAI,2004,61,32,0,17,0,17,19,14,5,30,24,99,323,1086,518,568,97,41,174,1,4,444,2,33,5,51,0,369,776,3688,122,769,2495,2861.0,119.0,537.0,2998.3333333333335,113.66666666666667,827.0,3.0,3843.0,151.0
Maharashtra,OSMANABAD,2004,46,15,1,26,0,26,12,11,1,9,1,22,168,331,44,287,134,9,58,1,8,617,1,35,9,105,0,170,640,2418,187,873,830,2507.0,158.0,972.0,2621.6666666666665,185.66666666666666,-89.0,29.0,3027.0,195.0
Maharashtra,PARBHANI,2004,42,31,1,13,0,13,12,8,4,12,3,51,171,292,50,242,109,14,44,2,24,982,4,45,7,132,0,95,358,2444,209,1241,755,2350.0,230.0,1261.0,2397.0,228.66666666666666,94.0,-21.0,2383.0,206.0
Maharashtra,PUNE COMMR.,2004,100,76,3,63,0,63,70,51,19,24,13,130,843,3905,2076,1829,524,67,433,2,9,1153,0,67,98,174,0,427,2573,10754,453,2119,8653,8813.0,388.0,1865.0,8751.0,382.0,1941.0,65.0,11817.0,555.0
Maharashtra,PUNE RLY.,2004,4,0,0,0,0,0,0,0,0,1,1,4,0,132,0,132,3,1,0,0,0,4,0,0,1,0,0,1,34,186,1,15,264,261.0,4.0,10.0,352.0,3.3333333333333335,-75.0,-3.0,208.0,3.0
Maharashtra,PUNE RURAL,2004,132,31,7,31,0,31,26,18,8,32,10,70,360,854,310,544,137,42,120,1,20,503,10,72,13,154,0,728,1477,4830,298,937,2068,4479.0,278.0,978.0,4459.0,295.3333333333333,351.0,20.0,5343.0,311.0
Maharashtra,RAIGAD,2004,61,14,0,19,0,19,13,6,7,24,7,19,148,253,41,212,146,37,46,1,12,268,2,50,3,47,0,264,693,2127,127,540,654,2179.0,145.0,553.0,2182.0,138.33333333333334,-52.0,-18.0,2322.0,152.0
Maharashtra,RATNAGIRI,2004,16,8,1,23,0,23,6,5,1,2,0,12,154,196,27,169,76,20,34,0,23,189,1,40,12,44,0,126,318,1301,125,331,546,1272.0,101.0,302.0,1308.3333333333333,108.66666666666667,29.0,24.0,1458.0,141.0
Maharashtra,SANGLI,2004,69,26,0,30,0,30,14,9,5,15,5,21,240,566,117,449,122,32,158,3,18,380,3,31,11,85,0,205,554,2588,169,662,1372,2713.0,200.0,704.0,2800.0,194.66666666666666,-125.0,-31.0,3068.0,220.0
Maharashtra,SATARA,2004,59,28,1,22,0,22,20,14,6,15,2,36,242,589,166,423,111,26,48,3,23,431,7,38,8,169,0,316,1094,3288,258,708,1420,3164.0,234.0,647.0,3323.3333333333335,261.6666666666667,124.0,24.0,3777.0,298.0
Maharashtra,SINDHUDURG,2004,10,4,2,5,0,5,5,5,0,0,0,11,74,105,15,90,45,4,12,0,11,133,0,18,5,6,0,80,261,791,39,215,284,810.0,35.0,259.0,804.0,41.666666666666664,-19.0,4.0,853.0,42.0
Maharashtra,SOLAPUR COMMR.,2004,20,13,0,19,0,19,10,7,3,6,3,39,207,360,103,257,55,8,121,1,3,197,2,13,2,60,0,81,517,1737,103,353,927,1682.0,121.0,377.0,1615.3333333333333,118.0,55.0,-18.0,1644.0,100.0
Maharashtra,SOLAPUR RURAL,2004,96,43,9,41,0,41,18,10,8,16,5,34,166,435,113,322,140,24,23,1,14,565,10,55,20,124,0,337,814,2990,260,946,1036,3230.0,245.0,1147.0,3070.0,202.33333333333334,-240.0,15.0,3363.0,252.0
Maharashtra,THANE COMMR.,2004,115,72,1,57,0,57,67,46,21,33,18,159,1089,2114,831,1283,244,76,523,8,12,1657,7,87,36,190,0,271,450,7286,423,2372,5317,6708.0,338.0,2051.0,6581.0,378.6666666666667,578.0,85.0,7664.0,508.0
Maharashtra,THANE RURAL,2004,144,44,5,60,0,60,42,26,16,37,12,83,494,623,184,439,193,54,112,2,25,760,10,100,41,105,0,486,818,4250,342,1331,1740,4008.0,304.0,1225.0,3932.6666666666665,290.0,242.0,38.0,4600.0,406.0
Maharashtra,WARDHA,2004,42,25,3,31,0,31,25,25,0,6,5,41,241,619,39,580,65,18,43,1,63,840,5,104,7,70,0,135,1303,3692,242,1072,1479,3783.0,193.0,983.0,3573.0,249.33333333333334,-91.0,49.0,4018.0,319.0
Maharashtra,WASHIM,2004,28,21,2,19,0,19,17,16,1,6,0,17,121,418,24,394,111,9,19,4,46,495,5,71,7,144,0,69,604,2233,262,710,957,1959.0,225.0,690.0,1886.6666666666667,216.0,274.0,37.0,2096.0,243.0
Maharashtra,YAVATMAL,2004,79,62,13,62,0,62,42,39,3,7,3,33,275,1024,92,932,86,13,45,7,63,1177,11,129,23,206,0,183,1374,4917,470,1554,2323,4223.0,418.0,1321.0,4229.666666666667,407.3333333333333,694.0,52.0,5439.0,517.0
Maharashtra,AHMEDNAGAR,2005,92,56,1,56,0,56,33,25,8,29,16,84,392,1025,279,746,206,36,142,3,26,768,0,91,0,338,0,474,1373,5241,510,1296,2442,4738.0,404.0,1122.0,4498.333333333333,415.0,503.0,106.0,6173.0,686.0
Maharashtra,AKOLA,2005,46,40,2,21,0,21,24,22,2,10,0,56,285,1225,140,1085,136,25,97,5,27,828,3,82,14,184,0,88,1396,4594,326,1153,2735,4354.0,321.0,1169.0,4046.6666666666665,296.6666666666667,240.0,5.0,4222.0,296.0
Maharashtra,AMRAVATI COMMR.,2005,30,25,2,23,0,23,11,8,3,0,3,15,169,782,105,677,83,12,63,1,14,396,2,31,20,57,0,57,777,2573,141,585,1733,2740.0,150.0,638.0,2797.0,166.33333333333334,-167.0,-9.0,2591.0,175.0
Maharashtra,AMRAVATI RURAL,2005,78,23,2,60,0,60,18,16,2,11,4,21,241,927,47,880,93,19,39,0,35,760,10,122,34,132,0,140,886,3655,374,1055,2095,3660.0,339.0,1119.0,3781.6666666666665,345.3333333333333,-5.0,35.0,3806.0,352.0
Maharashtra,AURANGABAD COMMR.,2005,22,27,0,26,0,26,12,10,2,10,4,55,183,649,214,435,123,8,107,3,10,320,2,31,8,93,0,136,647,2476,170,585,1481,2326.0,191.0,549.0,2350.6666666666665,187.0,150.0,-21.0,2766.0,221.0
Maharashtra,AURANGABAD RURAL,2005,46,17,1,9,0,9,6,4,2,12,7,30,124,337,59,278,195,17,37,1,34,738,26,44,10,263,0,202,559,2715,356,1042,798,2777.0,334.0,1045.0,2718.3333333333335,310.0,-62.0,22.0,2591.0,380.0
Maharashtra,BEED,2005,62,52,1,25,0,25,26,18,8,21,3,67,305,783,115,668,417,22,52,2,55,1085,7,99,15,275,0,198,752,4324,439,1735,1871,3936.0,385.0,1553.0,3703.6666666666665,312.0,388.0,54.0,4380.0,477.0
Maharashtra,BHANDARA,2005,27,11,3,15,0,15,17,14,3,1,0,12,175,475,37,438,52,15,39,6,43,340,3,64,34,67,0,113,886,2398,197,477,1125,2550.0,210.0,638.0,2373.6666666666665,209.33333333333334,-152.0,-13.0,2583.0,226.0
Maharashtra,BULDHANA,2005,51,62,0,42,0,42,23,16,7,8,2,33,181,863,86,777,163,29,182,5,72,716,53,110,40,187,0,136,1282,4240,448,1090,1907,3705.0,407.0,1091.0,3730.3333333333335,389.0,535.0,41.0,4152.0,402.0
Maharashtra,CHANDRAPUR,2005,61,18,0,41,0,41,17,14,3,9,1,29,323,704,91,613,116,23,51,7,38,578,2,93,27,110,0,188,1010,3446,287,860,1731,3539.0,265.0,907.0,3180.6666666666665,263.3333333333333,-93.0,22.0,3703.0,301.0
Maharashtra,DHULE,2005,47,30,0,15,0,15,9,9,0,5,1,15,110,317,79,238,108,21,42,0,8,380,10,27,7,110,0,204,792,2258,178,604,744,2042.0,144.0,497.0,1981.6666666666667,151.0,216.0,34.0,2516.0,260.0
Maharashtra,GADCHIROLI,2005,60,45,3,22,0,22,5,3,2,14,3,24,97,140,6,134,36,15,4,3,48,279,1,62,4,42,0,68,291,1266,134,474,377,1367.0,143.0,443.0,1423.6666666666667,171.66666666666666,-101.0,-9.0,1278.0,128.0
Maharashtra,GONDIA,2005,29,21,0,22,0,22,18,17,1,4,1,16,209,376,39,337,41,8,23,4,23,378,1,106,19,59,0,102,648,2108,224,525,961,1898.0,200.0,512.0,1910.6666666666667,214.33333333333334,210.0,24.0,2296.0,223.0
Maharashtra,HINGOLI,2005,34,11,1,15,0,15,15,12,3,9,2,41,119,243,26,217,153,9,13,0,38,595,2,45,8,106,0,53,396,1908,188,865,605,1689.0,151.0,688.0,1684.3333333333333,165.0,219.0,37.0,1790.0,176.0
Maharashtra,JALGAON,2005,74,55,2,52,0,52,26,26,0,8,2,37,217,733,130,603,200,85,311,8,12,698,4,92,30,301,0,295,1321,4563,505,1144,1683,4336.0,498.0,1152.0,4188.333333333333,423.0,227.0,7.0,4443.0,528.0
Maharashtra,JALNA,2005,37,40,2,20,0,20,13,8,5,19,2,58,153,391,82,309,176,11,63,3,42,533,21,53,5,215,0,116,907,2880,322,879,935,2603.0,327.0,925.0,2453.0,298.0,277.0,-5.0,3011.0,358.0
Maharashtra,KOLHAPUR,2005,65,62,2,26,0,26,25,15,10,7,1,27,258,690,250,440,167,98,184,3,10,552,22,47,12,76,0,281,808,3423,198,926,1638,3132.0,185.0,825.0,3160.0,174.0,291.0,13.0,3781.0,298.0
Maharashtra,LATUR,2005,49,40,1,24,0,24,22,20,2,11,6,36,220,401,76,325,175,18,55,2,35,962,40,61,3,107,0,152,959,3379,255,1309,1022,3382.0,198.0,1433.0,3096.0,202.33333333333334,-3.0,57.0,3902.0,304.0
Maharashtra,MUMBAI RLY.,2005,5,1,0,2,0,2,7,5,2,0,1,29,5,1574,1,1573,16,6,39,3,0,36,0,12,4,0,0,1,77,1818,23,96,3153,2020.0,14.0,85.0,1934.3333333333333,16.333333333333332,-202.0,9.0,1897.0,26.0
Maharashtra,NAGPUR COMMR.,2005,106,68,3,52,0,52,57,48,9,16,32,184,1236,2733,939,1794,246,59,272,15,26,973,4,76,52,185,0,249,2961,9605,417,1689,6702,8518.0,337.0,1552.0,8199.0,336.3333333333333,1087.0,80.0,9991.0,394.0
Maharashtra,NAGPUR RLY.,2005,9,2,1,1,0,1,3,3,0,9,0,16,3,903,15,888,4,1,9,7,0,26,0,7,2,0,0,3,104,1110,13,62,1809,1249.0,8.0,59.0,1156.6666666666667,6.666666666666667,-139.0,5.0,1089.0,10.0
Maharashtra,NAGPUR RURAL,2005,67,28,7,51,0,51,19,16,3,14,5,60,283,1167,93,1074,168,18,47,0,48,677,8,113,36,86,0,348,1565,4815,310,1077,2617,4884.0,309.0,1186.0,4860.333333333333,332.6666666666667,-69.0,1.0,4514.0,289.0
Maharashtra,NANDED,2005,70,112,3,41,0,41,42,29,13,31,9,85,325,624,119,505,285,25,112,3,52,1359,17,85,10,239,0,122,1769,5420,421,1997,1573,5687.0,351.0,2025.0,5771.666666666667,381.6666666666667,-267.0,70.0,4828.0,373.0
Maharashtra,NANDURBAR,2005,27,22,0,19,0,19,3,2,1,5,0,6,56,168,21,147,65,14,43,2,2,234,3,21,8,73,0,88,309,1168,126,376,392,1247.0,147.0,391.0,1236.0,149.0,-79.0,-21.0,1266.0,151.0
Maharashtra,NASIK COMMR.,2005,28,17,2,21,0,21,16,13,3,4,6,19,387,836,365,471,97,15,168,9,5,231,0,35,13,121,0,160,586,2776,203,431,2059,2606.0,198.0,393.0,2556.3333333333335,187.66666666666666,170.0,5.0,2951.0,208.0
Maharashtra,NASIK RURAL,2005,105,31,1,50,0,50,25,16,9,16,3,42,317,551,140,411,293,62,111,10,17,771,8,102,30,375,0,456,1137,4513,581,1318,1419,4344.0,562.0,1327.0,4503.666666666667,565.0,169.0,19.0,4767.0,590.0
Maharashtra,NAVI MUMBAI,2005,51,21,2,19,0,19,15,7,8,21,21,71,395,1121,534,587,110,42,187,7,8,425,9,42,11,63,0,359,843,3843,151,714,2637,3688.0,122.0,769.0,3206.6666666666665,116.33333333333333,155.0,29.0,3994.0,143.0
Maharashtra,OSMANABAD,2005,41,19,0,22,0,22,7,4,3,15,0,23,207,434,42,392,111,7,58,0,23,649,1,42,8,118,0,199,1043,3027,195,872,1075,2418.0,187.0,873.0,2527.0,186.33333333333334,609.0,8.0,3227.0,259.0
Maharashtra,PARBHANI,2005,39,33,2,14,0,14,13,8,5,15,4,31,159,344,74,270,167,8,74,2,30,852,10,40,3,131,0,89,323,2383,206,1151,847,2444.0,209.0,1241.0,2386.6666666666665,222.0,-61.0,-3.0,2512.0,278.0
Maharashtra,PUNE COMMR.,2005,106,85,7,79,0,79,102,72,30,27,18,190,1201,4322,2165,2157,474,72,609,22,16,1258,1,107,95,201,0,407,2418,11817,555,2301,9845,10754.0,453.0,2119.0,9357.0,402.0,1063.0,102.0,11484.0,584.0
Maharashtra,PUNE RLY.,2005,1,1,0,0,0,0,0,0,0,2,1,5,0,159,2,157,3,2,1,0,0,2,0,2,1,0,0,0,28,208,3,12,318,186.0,1.0,15.0,285.3333333333333,2.6666666666666665,22.0,2.0,290.0,4.0
Maharashtra,PUNE RURAL,2005,123,43,2,46,0,46,33,16,17,39,22,75,382,983,322,661,181,69,141,5,32,595,6,57,14,172,0,759,1564,5343,311,1098,2348,4830.0,298.0,937.0,4609.0,293.3333333333333,513.0,13.0,5573.0,353.0
Maharashtra,RAIGAD,2005,41,22,0,25,0,25,8,6,2,29,1,20,164,391,55,336,140,26,50,7,5,324,4,47,7,63,0,274,674,2322,152,580,946,2127.0,127.0,540.0,2151.6666666666665,143.0,195.0,25.0,2589.0,153.0
Maharashtra,RATNAGIRI,2005,21,3,0,27,0,27,7,3,4,4,1,15,167,274,28,246,79,21,52,6,19,191,2,40,29,40,0,110,350,1458,141,343,715,1301.0,125.0,331.0,1265.0,108.0,157.0,16.0,1634.0,142.0
Maharashtra,SANGLI,2005,77,12,1,34,0,34,32,12,20,9,2,41,245,721,198,523,128,25,169,6,23,423,7,55,7,105,0,262,684,3068,220,748,1687,2588.0,169.0,662.0,2663.0,176.33333333333334,480.0,51.0,2668.0,200.0
Maharashtra,SATARA,2005,59,32,7,31,0,31,26,18,8,17,2,43,339,753,168,585,144,31,96,7,30,455,6,61,2,180,0,328,1128,3777,298,797,1845,3288.0,258.0,708.0,3264.3333333333335,251.33333333333334,489.0,40.0,4643.0,427.0
Maharashtra,SINDHUDURG,2005,15,8,2,4,0,4,4,2,2,7,0,4,119,110,15,95,45,9,12,1,14,142,0,20,12,4,0,62,259,853,42,224,339,791.0,39.0,215.0,794.0,38.0,62.0,3.0,816.0,52.0
Maharashtra,SOLAPUR COMMR.,2005,24,15,0,20,0,20,10,4,6,11,2,38,214,344,150,194,89,11,102,3,4,186,1,17,11,47,0,85,410,1644,100,382,902,1737.0,103.0,353.0,1672.0,114.33333333333333,-93.0,-3.0,1786.0,114.0
Maharashtra,SOLAPUR RURAL,2005,97,38,8,40,0,40,26,16,10,20,5,52,199,465,132,333,193,26,31,6,20,623,6,54,9,127,0,349,969,3363,252,1077,1129,2990.0,260.0,946.0,3018.3333333333335,223.33333333333334,373.0,-8.0,3652.0,301.0
Maharashtra,THANE COMMR.,2005,106,52,3,60,0,60,85,52,33,29,36,146,1127,2042,844,1198,288,84,564,22,17,1815,1,110,39,246,0,283,509,7664,508,2555,5211,7286.0,423.0,2372.0,6804.333333333333,384.3333333333333,378.0,85.0,8224.0,591.0
Maharashtra,THANE RURAL,2005,140,51,2,66,0,66,47,37,10,45,8,86,452,648,219,429,226,38,137,10,23,710,5,132,33,133,0,565,1043,4600,406,1328,1748,4250.0,342.0,1331.0,4089.3333333333335,306.6666666666667,350.0,64.0,4970.0,415.0
Maharashtra,WARDHA,2005,45,30,4,35,0,35,31,31,0,4,6,31,254,535,49,486,71,14,56,5,56,914,4,110,45,94,0,126,1548,4018,319,1161,1324,3692.0,242.0,1072.0,3656.0,237.33333333333334,326.0,77.0,4130.0,319.0
Maharashtra,WASHIM,2005,24,24,1,12,0,12,15,12,3,7,0,17,115,432,24,408,102,6,17,1,25,451,10,63,7,139,0,74,554,2096,243,646,979,2233.0,262.0,710.0,2022.3333333333333,228.66666666666666,-137.0,-19.0,2011.0,243.0
Maharashtra,YAVATMAL,2005,72,73,9,59,0,59,43,40,3,10,7,64,328,1253,120,1133,153,22,66,1,48,1058,10,133,42,233,0,189,1566,5439,517,1531,2834,4917.0,470.0,1554.0,4483.0,421.3333333333333,522.0,47.0,5228.0,502.0
Maharashtra,AHMEDNAGAR,2006,86,49,3,68,0,68,36,22,14,36,2,100,400,1341,334,1007,277,33,107,4,46,710,0,129,0,467,0,538,1741,6173,686,1329,3082,5241.0,510.0,1296.0,4743.333333333333,442.3333333333333,932.0,176.0,6753.0,702.0
Maharashtra,AKOLA,2006,47,52,0,25,0,25,28,26,2,4,1,39,305,995,126,869,134,23,80,4,36,843,1,95,14,135,0,130,1231,4222,296,1168,2295,4594.0,326.0,1153.0,4282.666666666667,310.3333333333333,-372.0,-30.0,4067.0,339.0
Maharashtra,AMRAVATI COMMR.,2006,27,14,0,21,0,21,17,15,2,5,4,26,196,735,136,599,81,18,55,1,9,429,3,36,24,76,0,67,747,2591,175,615,1666,2573.0,141.0,585.0,2766.3333333333335,157.66666666666666,18.0,34.0,2643.0,149.0
Maharashtra,AMRAVATI RURAL,2006,67,32,2,44,0,44,22,20,2,3,0,24,266,845,51,794,89,11,56,0,60,797,4,118,35,131,0,134,1066,3806,352,1077,1956,3655.0,374.0,1055.0,3692.6666666666665,358.0,151.0,-22.0,3692.0,366.0
Maharashtra,AURANGABAD COMMR.,2006,31,24,0,33,0,33,22,17,5,11,4,73,224,666,213,453,144,33,158,3,15,384,3,39,22,107,0,133,637,2766,221,711,1556,2476.0,170.0,585.0,2362.6666666666665,183.66666666666666,290.0,51.0,3155.0,314.0
Maharashtra,AURANGABAD RURAL,2006,42,17,1,10,0,10,11,8,3,12,5,29,139,314,53,261,192,15,34,1,24,668,39,56,12,255,0,212,503,2591,380,970,767,2715.0,356.0,1042.0,2722.3333333333335,328.6666666666667,-124.0,24.0,3032.0,401.0
Maharashtra,BEED,2006,63,46,1,24,0,24,34,23,11,28,2,94,379,753,171,582,439,18,56,1,40,1005,12,98,10,310,0,257,710,4380,477,1706,1885,4324.0,439.0,1735.0,4049.0,374.0,56.0,38.0,4466.0,528.0
Maharashtra,BHANDARA,2006,35,18,2,40,0,40,15,10,5,0,2,16,183,443,41,402,94,17,31,6,53,363,4,54,29,89,0,142,947,2583,226,583,1069,2398.0,197.0,477.0,2420.3333333333335,203.66666666666666,185.0,29.0,2554.0,175.0
Maharashtra,BULDHANA,2006,53,64,2,23,0,23,10,5,5,7,2,32,214,704,101,603,177,25,89,2,68,905,13,128,41,192,0,177,1224,4152,402,1266,1622,4240.0,448.0,1090.0,3922.0,421.3333333333333,-88.0,-46.0,3780.0,482.0
Maharashtra,CHANDRAPUR,2006,42,20,1,30,0,30,17,14,3,7,0,27,377,774,112,662,122,19,55,2,49,664,6,81,47,123,0,236,1004,3703,301,923,1925,3446.0,287.0,860.0,3339.3333333333335,270.0,257.0,14.0,4148.0,452.0
Maharashtra,DHULE,2006,38,33,4,12,0,12,8,8,0,10,2,19,131,357,72,285,102,24,78,2,13,411,6,33,12,189,0,228,804,2516,260,627,845,2258.0,178.0,604.0,2018.0,150.0,258.0,82.0,2681.0,304.0
Maharashtra,GADCHIROLI,2006,59,52,4,14,0,14,10,8,2,12,0,8,100,124,8,116,28,9,18,1,45,241,2,52,5,47,0,75,372,1278,128,416,348,1266.0,134.0,474.0,1378.0,160.0,12.0,-6.0,1282.0,103.0
Maharashtra,GONDIA,2006,31,13,2,23,0,23,22,22,0,12,0,25,220,398,49,349,63,17,27,2,41,393,5,106,12,55,0,122,707,2296,223,572,1016,2108.0,224.0,525.0,1960.3333333333333,219.66666666666666,188.0,-1.0,1937.0,202.0
Maharashtra,HINGOLI,2006,41,25,2,15,0,15,12,10,2,8,3,38,93,234,28,206,112,2,29,0,28,404,8,41,2,100,0,72,521,1790,176,649,561,1908.0,188.0,865.0,1777.3333333333333,171.66666666666666,-118.0,-12.0,1597.0,168.0
Maharashtra,JALGAON,2006,75,53,4,52,0,52,21,21,0,25,2,37,229,624,128,496,206,78,208,7,12,632,14,111,25,305,0,336,1387,4443,528,1080,1477,4563.0,505.0,1144.0,4275.333333333333,465.6666666666667,-120.0,23.0,4599.0,613.0
Maharashtra,JALNA,2006,52,25,0,19,0,19,13,6,7,10,6,51,178,454,109,345,174,13,59,3,20,558,19,58,8,248,0,133,910,3011,358,892,1086,2880.0,322.0,879.0,2637.6666666666665,319.0,131.0,36.0,2584.0,372.0
Maharashtra,KOLHAPUR,2006,65,45,3,33,0,33,29,22,7,18,3,27,294,742,261,481,182,100,188,5,15,521,25,71,15,132,0,287,981,3781,298,905,1778,3423.0,198.0,926.0,3304.3333333333335,184.0,358.0,100.0,3989.0,254.0
Maharashtra,LATUR,2006,54,40,0,15,0,15,22,22,0,7,7,45,276,391,112,279,194,20,58,1,33,957,65,53,5,144,0,210,1305,3902,304,1327,1058,3379.0,255.0,1309.0,3278.3333333333335,217.0,523.0,49.0,3837.0,289.0
Maharashtra,MUMBAI RLY.,2006,16,0,2,5,0,5,5,4,1,0,1,28,1,1678,0,1678,9,4,22,2,0,35,0,17,0,0,0,0,72,1897,26,100,3357,1818.0,23.0,96.0,1893.0,20.333333333333332,79.0,3.0,1966.0,6.0
Maharashtra,NAGPUR COMMR.,2006,85,51,4,51,0,51,58,42,16,22,40,169,1275,2602,882,1720,247,57,326,11,14,1006,7,72,42,180,0,283,3389,9991,394,1671,6479,9605.0,417.0,1689.0,8493.333333333334,340.3333333333333,386.0,-23.0,9791.0,505.0
Maharashtra,NAGPUR RLY.,2006,7,3,0,0,0,0,2,2,0,9,0,24,1,874,7,867,16,1,5,6,3,17,1,5,2,0,0,4,109,1089,10,69,1749,1110.0,13.0,62.0,1176.0,10.0,-21.0,-3.0,1031.0,11.0
Maharashtra,NAGPUR RURAL,2006,74,24,1,37,0,37,24,15,9,9,7,40,239,948,72,876,144,21,67,4,44,639,5,120,45,67,0,371,1584,4514,289,983,2135,4815.0,310.0,1077.0,4781.0,314.3333333333333,-301.0,-21.0,4436.0,261.0
Maharashtra,NANDED,2006,71,73,7,33,0,33,35,21,14,17,1,74,344,518,123,395,330,14,119,0,74,1292,16,82,0,221,0,157,1350,4828,373,1915,1380,5420.0,421.0,1997.0,5645.333333333333,383.0,-592.0,-48.0,4654.0,384.0
Maharashtra,NANDURBAR,2006,26,14,1,21,0,21,9,6,3,8,0,7,62,156,27,129,95,5,44,0,3,233,0,22,6,96,0,104,354,1266,151,406,374,1168.0,126.0,376.0,1232.6666666666667,139.0,98.0,25.0,1579.0,137.0
Maharashtra,NASIK COMMR.,2006,38,14,1,14,0,14,32,22,10,5,2,48,438,925,368,557,135,19,128,6,5,222,2,36,15,119,0,172,575,2951,208,504,2288,2776.0,203.0,431.0,2641.3333333333335,192.0,175.0,5.0,3115.0,197.0
Maharashtra,NASIK RURAL,2006,77,40,2,62,0,62,28,24,4,19,4,56,226,605,137,468,345,45,111,8,21,837,7,123,43,331,0,515,1262,4767,590,1447,1436,4513.0,581.0,1318.0,4413.666666666667,562.3333333333334,254.0,9.0,4899.0,538.0
Maharashtra,NAVI MUMBAI,2006,59,20,0,18,0,18,19,9,10,14,24,109,423,1226,629,597,121,56,164,10,9,424,7,39,11,59,0,384,798,3994,143,770,2875,3843.0,151.0,714.0,3464.0,130.66666666666666,151.0,-8.0,4705.0,118.0
Maharashtra,OSMANABAD,2006,58,27,0,37,0,37,10,7,3,26,3,39,257,506,59,447,177,27,98,0,23,761,3,57,5,150,0,212,751,3227,259,1109,1269,3027.0,195.0,872.0,2650.6666666666665,180.0,200.0,64.0,3206.0,312.0
Maharashtra,PARBHANI,2006,69,47,0,18,0,18,18,11,7,18,3,48,183,292,80,212,120,9,72,1,18,885,10,73,4,162,0,104,358,2512,278,1205,767,2383.0,206.0,1151.0,2392.3333333333335,215.0,129.0,72.0,2743.0,282.0
Maharashtra,PUNE COMMR.,2006,104,99,4,77,0,77,108,74,34,31,21,219,1047,4068,2181,1887,497,81,533,16,13,1236,6,104,87,236,0,454,2443,11484,584,2344,9183,11817.0,555.0,2301.0,10461.333333333334,465.3333333333333,-333.0,29.0,12818.0,571.0
Maharashtra,PUNE RLY.,2006,3,0,0,1,0,1,1,1,0,5,0,9,0,229,0,229,2,1,1,1,0,4,0,1,1,0,0,3,28,290,4,20,458,208.0,3.0,12.0,218.33333333333334,2.6666666666666665,82.0,1.0,392.0,0.0
Maharashtra,PUNE RURAL,2006,124,62,3,38,0,38,40,27,13,45,26,85,378,920,350,570,185,46,148,2,34,602,15,93,19,161,0,870,1677,5573,353,1139,2218,5343.0,311.0,1098.0,4884.0,295.6666666666667,230.0,42.0,6244.0,421.0
Maharashtra,RAIGAD,2006,54,27,3,25,0,25,15,12,3,27,2,28,198,480,66,414,159,31,56,5,9,339,0,43,15,58,0,306,709,2589,153,650,1158,2322.0,152.0,580.0,2209.3333333333335,141.33333333333334,267.0,1.0,2391.0,161.0
Maharashtra,RATNAGIRI,2006,16,7,2,25,0,25,9,8,1,5,1,9,194,273,51,222,105,33,48,5,20,205,1,32,24,52,0,128,440,1634,142,378,740,1458.0,141.0,343.0,1343.6666666666667,122.33333333333333,176.0,1.0,1600.0,135.0
Maharashtra,SANGLI,2006,61,34,1,24,0,24,21,14,7,10,0,22,226,519,150,369,128,28,171,8,19,371,8,51,4,99,0,297,566,2668,200,662,1264,3068.0,220.0,748.0,2789.6666666666665,196.33333333333334,-400.0,-20.0,2651.0,241.0
Maharashtra,SATARA,2006,64,40,6,34,1,33,41,32,9,20,4,74,373,1043,221,822,167,45,82,9,36,493,8,88,10,255,0,365,1386,4643,427,919,2459,3777.0,298.0,797.0,3409.6666666666665,263.3333333333333,866.0,129.0,4335.0,406.0
Maharashtra,SINDHUDURG,2006,15,6,2,9,0,9,4,4,0,1,0,3,80,126,21,105,39,12,44,0,11,128,3,13,10,13,0,75,222,816,52,206,332,853.0,42.0,224.0,818.0,38.666666666666664,-37.0,10.0,782.0,50.0
Maharashtra,SOLAPUR COMMR.,2006,15,28,0,12,0,12,16,9,7,9,3,49,223,351,131,220,92,9,115,5,7,189,2,22,10,59,0,89,481,1786,114,401,925,1644.0,100.0,382.0,1687.6666666666667,108.0,142.0,14.0,1564.0,126.0
Maharashtra,SOLAPUR RURAL,2006,77,38,1,54,0,54,32,24,8,31,11,47,210,522,116,406,243,17,34,4,31,596,10,81,29,103,0,395,1086,3652,301,1088,1254,3363.0,252.0,1077.0,3194.3333333333335,252.33333333333334,289.0,49.0,4220.0,279.0
Maharashtra,THANE COMMR.,2006,106,89,3,62,0,62,90,65,25,25,25,162,1156,2285,950,1335,300,86,481,21,13,1208,4,150,41,269,0,302,1346,8224,591,2020,5726,7664.0,508.0,2555.0,7219.333333333333,423.0,560.0,83.0,8911.0,689.0
Maharashtra,THANE RURAL,2006,152,46,8,68,0,68,35,14,21,46,25,104,471,700,230,470,294,52,143,7,33,730,6,137,43,147,0,627,1096,4970,415,1437,1871,4600.0,406.0,1328.0,4286.0,350.6666666666667,370.0,9.0,5267.0,389.0
Maharashtra,WARDHA,2006,49,28,3,31,0,31,22,21,1,6,7,28,227,643,50,593,147,24,55,1,62,772,2,96,35,134,0,156,1602,4130,319,1080,1513,4018.0,319.0,1161.0,3831.0,251.33333333333334,112.0,0.0,4026.0,290.0
Maharashtra,WASHIM,2006,28,19,0,12,0,12,11,11,0,3,0,25,80,362,51,311,82,3,23,1,18,502,10,64,12,134,0,80,542,2011,243,679,804,2096.0,243.0,646.0,2096.0,243.33333333333334,-85.0,0.0,2155.0,247.0
Maharashtra,YAVATMAL,2006,61,87,10,66,0,66,37,34,3,8,7,66,250,1043,132,911,186,15,57,2,46,999,8,142,51,201,0,213,1673,5228,502,1512,2336,5439.0,517.0,1531.0,4859.666666666667,468.3333333333333,-211.0,-15.0,4949.0,418.0
Maharashtra,AHMEDNAGAR,2007,99,73,2,55,0,55,37,25,12,49,5,107,458,1344,425,919,397,44,135,7,54,772,3,132,12,475,0,575,1918,6753,702,1542,3146,6173.0,686.0,1329.0,5384.0,533.3333333333334,580.0,16.0,7070.0,748.0
Maharashtra,AKOLA,2007,38,43,1,22,0,22,17,15,2,14,1,55,257,898,121,777,117,23,56,3,28,821,3,86,48,165,0,125,1246,4067,339,1114,2053,4222.0,296.0,1168.0,4390.0,314.3333333333333,-155.0,43.0,4132.0,391.0
Maharashtra,AMRAVATI COMMR.,2007,30,22,0,7,0,7,18,14,4,6,1,45,237,691,118,573,99,13,52,0,11,399,3,35,16,74,0,76,808,2643,149,620,1619,2591.0,175.0,615.0,2634.6666666666665,155.33333333333334,52.0,-26.0,2439.0,171.0
Maharashtra,AMRAVATI RURAL,2007,51,36,2,58,0,58,26,24,2,8,1,26,214,761,62,699,113,8,54,1,47,820,11,118,32,123,0,171,1011,3692,366,1132,1736,3806.0,352.0,1077.0,3707.0,355.0,-114.0,14.0,4150.0,384.0
Maharashtra,AURANGABAD COMMR.,2007,37,27,0,18,0,18,29,26,3,11,8,67,276,762,246,516,157,19,121,2,10,397,11,57,31,171,0,167,777,3155,314,732,1800,2766.0,221.0,711.0,2522.6666666666665,194.0,389.0,93.0,3452.0,260.0
Maharashtra,AURANGABAD RURAL,2007,57,19,2,14,0,14,15,7,8,9,6,45,165,376,55,321,237,9,37,2,46,743,39,71,14,256,0,269,601,3032,401,1132,917,2591.0,380.0,970.0,2694.3333333333335,356.6666666666667,441.0,21.0,3347.0,367.0
Maharashtra,BEED,2007,69,50,0,23,0,23,48,37,11,34,7,88,303,645,164,481,484,24,43,1,82,997,18,91,6,353,0,259,841,4466,528,1759,1593,4380.0,477.0,1706.0,4213.333333333333,433.6666666666667,86.0,51.0,4500.0,494.0
Maharashtra,BHANDARA,2007,30,10,3,19,0,19,7,4,3,3,0,18,177,547,80,467,94,16,23,1,37,362,2,55,27,68,0,146,909,2554,175,543,1271,2583.0,226.0,583.0,2510.3333333333335,211.0,-29.0,-51.0,2845.0,199.0
Maharashtra,BULDHANA,2007,56,41,3,39,0,39,22,20,2,17,4,28,220,633,100,533,210,14,39,0,57,730,12,124,31,256,0,180,1064,3780,482,1129,1486,4152.0,402.0,1266.0,4032.3333333333335,419.0,-372.0,80.0,4494.0,512.0
Maharashtra,CHANDRAPUR,2007,59,23,4,35,0,35,25,19,6,7,1,34,383,815,153,662,129,31,70,3,70,663,5,115,109,169,0,258,1140,4148,452,972,2013,3703.0,301.0,923.0,3562.6666666666665,284.3333333333333,445.0,151.0,4456.0,558.0
Maharashtra,DHULE,2007,49,23,1,15,0,15,5,5,0,13,3,24,124,397,92,305,170,21,84,2,8,421,10,37,14,223,0,229,808,2681,304,708,918,2516.0,260.0,627.0,2272.0,194.0,165.0,44.0,2783.0,257.0
Maharashtra,GADCHIROLI,2007,53,47,5,11,0,11,8,7,1,6,0,7,98,162,15,147,39,8,9,0,27,200,3,31,7,44,0,77,440,1282,103,370,422,1278.0,128.0,416.0,1303.6666666666667,135.0,4.0,-25.0,1195.0,118.0
Maharashtra,GONDIA,2007,34,14,1,32,0,32,13,13,0,9,1,22,188,314,40,274,58,6,31,2,30,330,3,71,32,51,0,88,607,1937,202,504,816,2296.0,223.0,572.0,2100.6666666666665,215.66666666666666,-359.0,-21.0,2023.0,221.0
Maharashtra,HINGOLI,2007,29,16,0,9,0,9,8,7,1,6,2,24,81,167,35,132,121,6,30,0,18,449,3,45,6,98,0,83,396,1597,168,656,415,1790.0,176.0,649.0,1795.6666666666667,171.66666666666666,-193.0,-8.0,1751.0,192.0
Maharashtra,JALGAON,2007,94,38,1,52,0,52,27,27,0,20,3,49,211,667,138,529,264,60,255,0,16,671,20,75,19,420,0,338,1299,4599,613,1196,1545,4443.0,528.0,1080.0,4447.333333333333,510.3333333333333,156.0,85.0,4901.0,671.0
Maharashtra,JALNA,2007,52,22,1,17,0,17,17,10,7,7,6,36,152,361,75,286,184,8,85,2,26,491,31,43,5,266,0,152,620,2584,372,820,874,3011.0,358.0,892.0,2831.3333333333335,335.6666666666667,-427.0,14.0,2832.0,422.0
Maharashtra,KOLHAPUR,2007,65,47,1,30,0,30,16,8,8,7,5,35,242,766,268,498,231,104,231,4,11,583,16,51,24,125,0,349,1046,3989,254,1008,1774,3781.0,298.0,905.0,3445.3333333333335,227.0,208.0,-44.0,4398.0,311.0
Maharashtra,LATUR,2007,73,37,0,17,0,17,26,26,0,10,1,53,249,452,134,318,191,16,64,2,44,971,66,73,0,107,0,210,1175,3837,289,1368,1153,3902.0,304.0,1327.0,3554.3333333333335,252.33333333333334,-65.0,-15.0,3681.0,389.0
Maharashtra,MUMBAI COMMR.,2007,230,116,2,174,0,174,179,120,59,31,42,265,2886,11670,3621,8049,260,470,1735,113,13,3781,17,365,112,380,0,778,6862,30481,1168,5007,26226,31070.0,1098.0,5101.0,31070.0,1098.0,-589.0,70.0,32770.0,1404.0
Maharashtra,MUMBAI RLY.,2007,4,5,1,1,0,1,1,0,1,3,0,39,3,1721,2,1719,6,5,22,2,0,41,0,5,0,0,0,2,105,1966,6,98,3445,1897.0,26.0,100.0,1911.6666666666667,21.0,69.0,-20.0,2222.0,19.0
Maharashtra,NAGPUR COMMR.,2007,73,60,5,50,0,50,66,50,16,27,59,357,1141,2354,899,1455,242,73,309,13,20,996,7,96,51,251,0,280,3261,9791,505,1849,5849,9991.0,394.0,1671.0,9371.333333333334,382.6666666666667,-200.0,111.0,8661.0,487.0
Maharashtra,NAGPUR RLY.,2007,4,1,0,0,0,0,2,2,0,5,0,22,0,878,17,861,5,4,1,5,0,29,0,8,1,0,0,3,63,1031,11,63,1756,1089.0,10.0,69.0,1149.3333333333333,10.333333333333334,-58.0,1.0,1247.0,13.0
Maharashtra,NAGPUR RURAL,2007,71,24,1,39,0,39,24,22,2,5,11,47,232,843,82,761,117,28,66,2,43,651,7,92,41,60,0,422,1610,4436,261,974,1918,4514.0,289.0,983.0,4737.666666666667,302.6666666666667,-78.0,-28.0,4567.0,280.0
Maharashtra,NANDED,2007,83,82,6,33,0,33,40,29,11,18,6,54,317,514,128,386,307,26,121,4,54,1137,19,83,7,213,0,198,1332,4654,384,1742,1345,4828.0,373.0,1915.0,5311.666666666667,381.6666666666667,-174.0,11.0,4778.0,388.0
Maharashtra,NANDURBAR,2007,32,19,1,14,0,14,3,0,3,8,3,13,55,213,41,172,90,14,39,1,7,294,3,24,2,94,0,117,533,1579,137,466,481,1266.0,151.0,406.0,1227.0,141.33333333333334,313.0,-14.0,1501.0,141.0
Maharashtra,NASIK COMMR.,2007,33,26,1,7,0,7,21,17,4,5,1,50,460,1018,452,566,153,21,127,13,12,224,1,34,11,127,0,270,500,3115,197,515,2496,2951.0,208.0,504.0,2777.6666666666665,203.0,164.0,-11.0,3813.0,233.0
Maharashtra,NASIK RURAL,2007,80,56,3,44,0,44,29,16,13,27,10,35,226,559,134,425,406,60,86,4,13,839,8,91,53,326,0,580,1364,4899,538,1492,1344,4767.0,590.0,1447.0,4541.333333333333,577.6666666666666,132.0,-52.0,4480.0,430.0
Maharashtra,NAVI MUMBAI,2007,45,22,1,17,0,17,16,4,12,35,28,118,452,1704,806,898,187,66,169,8,12,460,5,32,7,53,0,440,828,4705,118,866,3860,3994.0,143.0,770.0,3841.6666666666665,138.66666666666666,711.0,-25.0,4686.0,141.0
Maharashtra,OSMANABAD,2007,44,24,2,29,0,29,23,18,5,27,2,43,209,447,78,369,178,21,125,1,46,611,2,84,7,172,0,229,880,3206,312,954,1103,3227.0,259.0,1109.0,2890.6666666666665,213.66666666666666,-21.0,53.0,3072.0,313.0
Maharashtra,PARBHANI,2007,47,39,3,22,0,22,14,9,5,26,1,53,181,290,75,215,114,14,57,2,30,1151,8,54,6,183,0,126,322,2743,282,1443,761,2512.0,278.0,1205.0,2446.3333333333335,231.0,231.0,4.0,2767.0,304.0
Maharashtra,PUNE COMMR.,2007,126,126,8,66,0,66,122,93,29,37,52,232,1369,4653,2492,2161,457,74,517,12,18,1274,6,79,77,250,0,537,2726,12818,571,2411,10675,11484.0,584.0,2344.0,11351.666666666666,530.6666666666666,1334.0,-13.0,14467.0,638.0
Maharashtra,PUNE RLY.,2007,6,0,0,0,0,0,1,0,1,4,1,7,0,316,0,316,5,2,2,1,0,11,0,0,0,0,0,0,36,392,0,30,632,290.0,4.0,20.0,228.0,2.6666666666666665,102.0,-4.0,455.0,6.0
Maharashtra,PUNE RURAL,2007,130,51,12,59,0,59,41,25,16,37,36,73,377,1078,455,623,272,74,186,4,29,655,17,101,16,203,0,961,1832,6244,421,1293,2533,5573.0,353.0,1139.0,5248.666666666667,320.6666666666667,671.0,68.0,7183.0,432.0
Maharashtra,RAIGAD,2007,37,28,1,29,0,29,13,10,3,22,6,25,192,426,49,377,170,30,67,5,8,273,4,39,7,72,0,320,617,2391,161,576,1044,2589.0,153.0,650.0,2346.0,144.0,-198.0,8.0,2061.0,111.0
Maharashtra,RATNAGIRI,2007,19,4,5,17,0,17,9,4,5,8,3,10,152,274,21,253,97,24,39,3,35,206,2,33,31,48,0,128,453,1600,135,367,700,1634.0,142.0,378.0,1464.3333333333333,136.0,-34.0,-7.0,1561.0,153.0
Maharashtra,SANGLI,2007,74,24,0,28,0,28,18,11,7,11,2,23,182,518,134,384,148,19,132,6,30,395,11,72,3,116,0,304,535,2651,241,710,1218,2668.0,200.0,662.0,2774.6666666666665,196.33333333333334,-17.0,41.0,2909.0,288.0
Maharashtra,SATARA,2007,75,26,5,43,0,43,38,26,12,19,5,73,381,966,249,717,179,35,110,5,24,480,9,59,13,256,0,377,1157,4335,406,919,2313,4643.0,427.0,919.0,3902.6666666666665,327.6666666666667,-308.0,-21.0,4634.0,303.0
Maharashtra,SINDHUDURG,2007,17,3,1,9,0,9,4,2,2,0,1,6,101,132,9,123,48,9,20,0,11,117,4,13,14,8,0,68,196,782,50,205,365,816.0,52.0,206.0,820.0,44.333333333333336,-34.0,-2.0,795.0,73.0
Maharashtra,SOLAPUR COMMR.,2007,22,24,0,12,0,12,16,13,3,4,7,34,120,319,122,197,69,12,88,0,7,174,0,15,5,81,0,90,465,1564,126,351,758,1786.0,114.0,401.0,1722.3333333333333,105.66666666666667,-222.0,12.0,1684.0,118.0
Maharashtra,SOLAPUR RURAL,2007,77,53,5,46,0,46,35,21,14,21,16,65,255,655,182,473,270,20,49,3,38,668,4,63,17,128,0,444,1288,4220,279,1219,1565,3652.0,301.0,1088.0,3335.0,271.0,568.0,-22.0,4720.0,451.0
Maharashtra,THANE COMMR.,2007,120,74,4,78,0,78,110,68,42,32,34,146,1136,2479,1010,1469,323,97,477,19,24,1352,20,148,20,355,0,352,1511,8911,689,2207,6094,8224.0,591.0,2020.0,7724.666666666667,507.3333333333333,687.0,98.0,9479.0,737.0
Maharashtra,THANE RURAL,2007,128,39,6,67,0,67,46,39,7,49,20,92,513,853,267,586,300,42,126,9,22,759,7,108,29,139,0,679,1234,5267,389,1437,2219,4970.0,415.0,1437.0,4606.666666666667,387.6666666666667,297.0,-26.0,5792.0,400.0
Maharashtra,WARDHA,2007,49,32,3,31,0,31,26,25,1,4,3,37,248,654,66,588,88,16,48,3,72,756,0,107,35,92,0,169,1553,4026,290,1022,1556,4130.0,319.0,1080.0,3946.6666666666665,293.3333333333333,-104.0,-29.0,4369.0,333.0
Maharashtra,WASHIM,2007,22,19,3,14,0,14,19,18,1,6,1,22,121,395,42,353,88,9,35,0,32,489,8,62,14,131,0,99,566,2155,247,676,911,2011.0,243.0,679.0,2113.3333333333335,249.33333333333334,144.0,4.0,2222.0,227.0
Maharashtra,YAVATMAL,2007,70,50,7,49,0,49,32,31,1,9,0,66,263,994,141,853,119,20,63,0,45,979,8,129,27,174,0,221,1624,4949,418,1372,2251,5228.0,502.0,1512.0,5194.666666666667,496.3333333333333,-279.0,-84.0,4899.0,397.0
Maharashtra,AHMEDNAGAR,2008,134,107,1,49,0,49,51,33,18,55,5,117,558,1472,506,966,553,41,226,19,49,727,0,125,4,537,0,623,1617,7070,748,1739,3502,6753.0,702.0,1542.0,6055.666666666667,632.6666666666666,317.0,46.0,6530.0,743.0
Maharashtra,AKOLA,2008,54,72,2,26,0,26,35,33,2,8,3,54,249,1002,119,883,157,24,102,7,38,723,7,111,61,153,0,116,1128,4132,391,1123,2253,4067.0,339.0,1114.0,4294.333333333333,320.3333333333333,65.0,52.0,4227.0,348.0
Maharashtra,AMRAVATI COMMR.,2008,18,30,1,22,0,22,10,9,1,4,1,35,228,633,133,500,89,26,50,8,4,358,4,41,10,85,0,78,704,2439,171,563,1494,2643.0,149.0,620.0,2602.3333333333335,155.0,-204.0,22.0,2629.0,191.0
Maharashtra,AMRAVATI RURAL,2008,75,27,3,47,0,47,18,18,0,10,1,33,238,1003,76,927,119,24,35,1,58,829,3,137,33,146,0,194,1116,4150,384,1151,2244,3692.0,366.0,1132.0,3717.6666666666665,364.0,458.0,18.0,4209.0,381.0
Maharashtra,AURANGABAD COMMR.,2008,39,38,0,21,0,21,38,30,8,2,11,71,245,975,355,620,241,25,128,3,11,473,4,51,16,138,0,131,791,3452,260,921,2195,3155.0,314.0,732.0,2799.0,235.0,297.0,-54.0,3727.0,285.0
Maharashtra,AURANGABAD RURAL,2008,56,36,2,21,0,21,11,7,4,21,7,50,215,487,109,378,285,13,53,1,36,764,39,65,9,226,0,260,690,3347,367,1225,1189,3032.0,401.0,1132.0,2779.3333333333335,379.0,315.0,-34.0,2934.0,347.0
Maharashtra,BEED,2008,61,34,4,26,0,26,39,22,17,45,8,85,336,617,188,429,485,25,75,1,52,1010,11,92,11,332,0,270,881,4500,494,1744,1570,4466.0,528.0,1759.0,4390.0,481.3333333333333,34.0,-34.0,4338.0,540.0
Maharashtra,BHANDARA,2008,28,14,3,26,0,26,14,13,1,7,1,19,218,617,76,541,107,17,102,5,29,384,0,69,18,73,0,146,948,2845,199,595,1452,2554.0,175.0,543.0,2511.6666666666665,199.33333333333334,291.0,24.0,2259.0,145.0
Maharashtra,BULDHANA,2008,54,47,1,36,0,36,28,25,3,23,1,44,266,851,119,732,262,43,60,3,68,798,9,153,39,250,0,217,1241,4494,512,1270,1968,3780.0,482.0,1129.0,4057.3333333333335,444.0,714.0,30.0,4260.0,481.0
Maharashtra,CHANDRAPUR,2008,51,47,6,37,0,37,34,28,6,5,5,37,257,920,133,787,145,30,55,4,64,666,14,112,146,221,0,256,1344,4456,558,1023,2097,4148.0,452.0,972.0,3765.6666666666665,346.6666666666667,308.0,106.0,4483.0,531.0
Maharashtra,DHULE,2008,54,38,1,10,0,10,8,8,0,64,3,19,215,384,123,261,226,9,75,3,14,391,3,32,8,196,0,255,775,2783,257,747,983,2681.0,304.0,708.0,2485.0,247.33333333333334,102.0,-47.0,2662.0,351.0
Maharashtra,GADCHIROLI,2008,56,33,1,22,0,22,13,11,2,4,1,11,88,123,17,106,23,17,12,2,56,211,2,30,7,46,0,81,356,1195,118,370,334,1282.0,103.0,370.0,1275.3333333333333,121.66666666666667,-87.0,15.0,1188.0,82.0
Maharashtra,GONDIA,2008,35,14,0,38,0,38,14,13,1,3,0,18,177,355,86,269,61,17,45,2,35,350,3,84,25,58,0,121,568,2023,221,530,887,1937.0,202.0,504.0,2113.6666666666665,216.33333333333334,86.0,19.0,1911.0,189.0
Maharashtra,HINGOLI,2008,43,29,3,17,0,17,10,9,1,13,1,34,82,166,27,139,143,4,33,0,21,407,7,54,6,99,0,110,469,1751,192,686,414,1597.0,168.0,656.0,1765.0,177.33333333333334,154.0,24.0,1667.0,166.0
Maharashtra,JALGAON,2008,83,57,0,42,0,42,29,19,10,19,1,47,214,777,162,615,304,72,228,3,27,677,18,107,29,456,0,367,1344,4901,671,1239,1768,4599.0,613.0,1196.0,4535.0,548.6666666666666,302.0,58.0,4737.0,636.0
Maharashtra,JALNA,2008,58,33,0,16,0,16,13,10,3,15,6,56,169,346,84,262,196,13,114,0,26,531,27,53,7,309,0,157,687,2832,422,903,861,2584.0,372.0,820.0,2825.0,350.6666666666667,248.0,50.0,2939.0,478.0
Maharashtra,KOLHAPUR,2008,59,26,2,34,0,34,30,18,12,33,2,47,289,943,335,608,302,99,232,4,21,585,17,76,13,153,0,339,1092,4398,311,1085,2175,3989.0,254.0,1008.0,3731.0,250.0,409.0,57.0,3917.0,277.0
Maharashtra,LATUR,2008,74,28,0,22,0,22,29,29,0,16,1,46,235,503,158,345,261,15,75,4,47,839,77,74,0,187,0,222,926,3681,389,1299,1241,3837.0,289.0,1368.0,3706.0,282.6666666666667,-156.0,100.0,3407.0,284.0
Maharashtra,MUMBAI COMMR.,2008,210,132,0,218,0,218,189,116,73,35,27,328,2846,12972,4068,8904,377,481,2025,124,22,4155,11,436,121,502,0,709,6850,32770,1404,5609,28790,30481.0,1168.0,5007.0,30775.5,1133.0,2289.0,236.0,31262.0,1218.0
Maharashtra,MUMBAI RLY.,2008,8,1,0,4,0,4,8,2,6,5,1,36,0,1938,0,1938,24,7,29,2,0,46,1,12,0,0,0,0,100,2222,19,127,3876,1966.0,6.0,98.0,1893.6666666666667,18.333333333333332,256.0,13.0,2347.0,20.0
Maharashtra,NAGPUR COMMR.,2008,100,57,4,53,0,53,43,28,15,14,41,321,941,2062,871,1191,258,77,336,21,16,773,7,91,71,237,0,269,2869,8661,487,1609,5065,9791.0,505.0,1849.0,9795.666666666666,438.6666666666667,-1130.0,-18.0,7785.0,435.0
Maharashtra,NAGPUR RLY.,2008,5,7,0,1,0,1,3,2,1,10,1,17,1,1010,13,997,19,1,8,10,0,27,0,8,2,0,0,1,116,1247,13,79,2021,1031.0,11.0,63.0,1076.6666666666667,11.333333333333334,216.0,2.0,1160.0,11.0
Maharashtra,NAGPUR RURAL,2008,77,45,5,37,0,37,24,20,4,11,1,37,236,891,118,773,138,37,66,5,43,691,7,89,32,95,0,471,1529,4567,280,1054,2018,4436.0,261.0,974.0,4588.333333333333,286.6666666666667,131.0,19.0,3983.0,229.0
Maharashtra,NANDED,2008,88,57,5,23,0,23,29,22,7,32,2,64,345,477,143,334,311,17,117,2,41,1133,8,77,6,252,0,213,1479,4778,388,1710,1299,4654.0,384.0,1742.0,4967.333333333333,392.6666666666667,124.0,4.0,4991.0,504.0
Maharashtra,NANDURBAR,2008,30,14,1,11,0,11,10,8,2,3,1,21,49,224,69,155,111,11,35,1,5,259,1,21,7,93,0,130,463,1501,141,457,497,1579.0,137.0,466.0,1337.6666666666667,138.0,-78.0,4.0,1356.0,156.0
Maharashtra,NASIK COMMR.,2008,43,31,0,14,0,14,34,21,13,22,2,78,523,1353,668,685,186,28,166,11,10,276,5,42,10,141,0,293,545,3813,233,662,3229,3115.0,197.0,515.0,2947.3333333333335,202.66666666666666,698.0,36.0,4218.0,245.0
Maharashtra,NASIK RURAL,2008,90,55,1,36,0,36,33,17,16,32,5,36,175,559,156,403,374,56,113,11,11,761,5,61,24,287,0,560,1195,4480,430,1386,1293,4899.0,538.0,1492.0,4726.333333333333,569.6666666666666,-419.0,-108.0,4840.0,460.0
Maharashtra,NAVI MUMBAI,2008,61,39,0,12,0,12,26,14,12,20,20,118,430,1722,918,804,194,58,199,8,5,443,1,31,11,72,0,376,840,4686,141,893,3874,4705.0,118.0,866.0,4180.666666666667,137.33333333333334,-19.0,23.0,4876.0,189.0
Maharashtra,OSMANABAD,2008,53,25,1,22,0,22,22,19,3,37,0,28,174,395,100,295,171,23,136,0,33,546,2,80,7,183,0,223,911,3072,313,868,964,3206.0,312.0,954.0,3153.3333333333335,255.33333333333334,-134.0,1.0,2692.0,265.0
Maharashtra,PARBHANI,2008,49,37,4,12,0,12,17,11,6,22,2,71,228,355,101,254,201,13,56,2,31,969,15,56,6,204,0,129,288,2767,304,1360,938,2743.0,282.0,1443.0,2546.0,255.33333333333334,24.0,22.0,2708.0,326.0
Maharashtra,PUNE COMMR.,2008,137,141,5,92,0,92,110,80,30,37,39,379,1395,5509,3262,2247,530,82,600,30,21,1328,7,113,73,273,0,642,2924,14467,638,2722,12413,12818.0,571.0,2411.0,12039.666666666666,570.0,1649.0,67.0,13848.0,565.0
Maharashtra,PUNE RLY.,2008,2,2,0,1,0,1,1,1,0,4,0,10,1,378,0,378,7,0,5,1,0,5,1,3,0,0,0,1,33,455,6,28,757,392.0,0.0,30.0,296.6666666666667,2.3333333333333335,63.0,6.0,541.0,2.0
Maharashtra,PUNE RURAL,2008,146,77,26,66,0,66,46,30,16,34,15,89,588,1400,696,704,357,59,191,7,23,874,13,104,30,189,0,1027,1822,7183,432,1681,3388,6244.0,421.0,1293.0,5720.0,361.6666666666667,939.0,11.0,7537.0,485.0
Maharashtra,RAIGAD,2008,43,31,3,17,0,17,6,5,1,15,2,14,112,320,68,252,143,27,59,12,2,253,5,33,10,41,0,321,592,2061,111,510,752,2391.0,161.0,576.0,2434.0,155.33333333333334,-330.0,-50.0,2053.0,103.0
Maharashtra,RATNAGIRI,2008,18,15,1,26,0,26,15,12,3,4,1,10,118,236,45,191,91,27,61,1,27,196,0,33,27,55,0,152,447,1561,153,372,590,1600.0,135.0,367.0,1564.0,139.33333333333334,-39.0,18.0,1477.0,129.0
Maharashtra,SANGLI,2008,46,27,6,42,0,42,21,13,8,5,5,25,217,615,217,398,176,19,166,4,28,385,12,67,14,140,0,316,573,2909,288,728,1447,2651.0,241.0,710.0,2795.6666666666665,220.33333333333334,258.0,47.0,2777.0,179.0
Maharashtra,SATARA,2008,60,27,6,30,0,30,21,14,7,24,5,73,404,1099,351,748,252,62,134,11,32,482,3,66,26,164,0,427,1226,4634,303,951,2602,4335.0,406.0,919.0,4251.666666666667,377.0,299.0,-103.0,4350.0,243.0
Maharashtra,SINDHUDURG,2008,6,7,1,8,0,8,2,2,0,0,0,4,85,120,18,102,36,10,23,1,15,121,0,34,15,14,0,73,220,795,73,185,325,782.0,50.0,205.0,817.0,48.0,13.0,23.0,872.0,41.0
Maharashtra,SOLAPUR COMMR.,2008,17,15,1,24,0,24,12,8,4,3,3,32,119,464,212,252,57,11,97,4,2,192,0,17,3,66,0,97,448,1684,118,350,1047,1564.0,126.0,351.0,1664.6666666666667,113.33333333333333,120.0,-8.0,1465.0,111.0
Maharashtra,SOLAPUR RURAL,2008,88,59,0,63,0,63,48,37,11,27,7,82,290,682,190,492,303,30,90,7,53,686,9,101,0,241,0,451,1403,4720,451,1329,1654,4220.0,279.0,1219.0,3745.0,277.3333333333333,500.0,172.0,4634.0,390.0
Maharashtra,THANE COMMR.,2008,99,76,2,74,0,74,103,72,31,20,19,132,1210,2514,1157,1357,381,121,592,39,20,1393,12,149,46,384,0,390,1703,9479,737,2260,6238,8911.0,689.0,2207.0,8266.333333333334,596.0,568.0,48.0,9570.0,720.0
Maharashtra,THANE RURAL,2008,147,39,1,71,0,71,50,36,14,30,11,70,602,1101,396,705,310,48,159,9,37,841,7,128,24,134,0,709,1264,5792,400,1529,2804,5267.0,389.0,1437.0,4945.666666666667,403.3333333333333,525.0,11.0,5420.0,307.0
Maharashtra,WARDHA,2008,36,27,3,26,0,26,26,22,4,6,1,42,258,841,77,764,158,23,62,4,74,808,5,128,36,116,0,176,1513,4369,333,1126,1940,4026.0,290.0,1022.0,4058.0,309.3333333333333,343.0,43.0,4041.0,273.0
Maharashtra,WASHIM,2008,30,29,0,20,0,20,22,18,4,8,1,36,119,469,50,419,117,18,33,4,25,421,2,59,18,110,0,93,588,2222,227,675,1057,2155.0,247.0,676.0,2087.3333333333335,244.33333333333334,67.0,-20.0,2121.0,228.0
Maharashtra,YAVATMAL,2008,74,55,5,43,0,43,34,33,1,4,4,55,259,980,130,850,147,20,38,4,56,955,6,114,30,171,0,280,1565,4899,397,1368,2219,4949.0,418.0,1372.0,5205.333333333333,479.0,-50.0,-21.0,4650.0,437.0
Maharashtra,AHMEDNAGAR,2009,81,75,3,55,0,55,42,25,17,52,9,146,479,1399,539,860,497,53,206,15,34,690,0,106,0,557,0,632,1399,6530,743,1589,3277,7070.0,748.0,1739.0,6665.333333333333,712.0,-540.0,-5.0,7215.0,832.0
Maharashtra,AKOLA,2009,43,68,7,21,0,21,33,26,7,10,2,77,308,943,174,769,159,15,93,6,32,765,10,97,63,131,0,126,1218,4227,348,1173,2194,4132.0,391.0,1123.0,4140.333333333333,342.0,95.0,-43.0,4472.0,364.0
Maharashtra,AMRAVATI COMMR.,2009,16,26,0,17,0,17,23,20,3,3,8,41,227,697,191,506,89,19,60,8,12,328,0,28,27,99,0,78,823,2629,191,540,1621,2439.0,171.0,563.0,2557.6666666666665,165.0,190.0,20.0,3079.0,211.0
Maharashtra,AMRAVATI RURAL,2009,75,37,4,49,0,49,29,27,2,8,0,24,254,867,85,782,91,18,54,5,82,916,1,121,34,149,0,194,1197,4209,381,1225,1988,4150.0,384.0,1151.0,3882.6666666666665,367.3333333333333,59.0,-3.0,4574.0,423.0
Maharashtra,AURANGABAD COMMR.,2009,37,46,2,22,0,22,28,17,11,11,7,97,319,1123,510,613,159,33,124,1,8,478,5,61,21,159,0,158,828,3727,285,869,2565,3452.0,260.0,921.0,3124.3333333333335,265.0,275.0,25.0,3953.0,311.0
Maharashtra,AURANGABAD RURAL,2009,44,37,5,14,0,14,5,4,1,18,5,20,158,465,159,306,204,6,43,3,32,675,28,49,4,248,0,274,597,2934,347,1004,1088,3347.0,367.0,1225.0,2990.0,382.6666666666667,-413.0,-20.0,3223.0,422.0
Maharashtra,BEED,2009,80,53,1,26,0,26,36,20,16,48,6,93,284,525,166,359,499,24,113,2,38,940,16,79,10,389,0,276,800,4338,540,1728,1334,4500.0,494.0,1744.0,4448.666666666667,499.6666666666667,-162.0,46.0,4049.0,526.0
Maharashtra,BHANDARA,2009,26,8,0,17,0,17,12,12,0,4,0,13,189,527,63,464,40,4,50,6,20,295,4,31,13,68,0,142,790,2259,145,411,1243,2845.0,199.0,595.0,2660.6666666666665,200.0,-586.0,-54.0,2242.0,155.0
Maharashtra,BULDHANA,2009,53,59,0,27,0,27,29,23,6,18,5,37,261,827,176,651,199,14,69,8,56,780,27,128,55,221,0,223,1164,4260,481,1184,1915,4494.0,512.0,1270.0,4142.0,465.3333333333333,-234.0,-31.0,3972.0,437.0
Maharashtra,CHANDRAPUR,2009,49,33,3,44,0,44,19,17,2,5,2,22,266,730,152,578,110,28,64,5,57,715,9,132,171,158,0,245,1616,4483,531,995,1726,4456.0,558.0,1023.0,4102.333333333333,437.0,27.0,-27.0,4006.0,446.0
Maharashtra,DHULE,2009,45,36,1,12,0,12,13,9,4,16,1,22,174,351,105,246,172,30,92,6,14,414,7,34,8,281,0,253,680,2662,351,715,876,2783.0,257.0,747.0,2660.0,273.6666666666667,-121.0,94.0,2974.0,307.0
Maharashtra,GADCHIROLI,2009,66,45,4,12,0,12,14,13,1,19,0,5,81,165,34,131,20,4,9,2,75,201,1,23,6,27,0,79,330,1188,82,367,411,1195.0,118.0,370.0,1251.6666666666667,116.33333333333333,-7.0,-36.0,1082.0,73.0
Maharashtra,GONDIA,2009,43,23,1,33,0,33,20,17,3,4,3,9,143,334,57,277,32,3,44,4,30,322,3,67,21,48,0,133,591,1911,189,483,811,2023.0,221.0,530.0,2085.3333333333335,215.33333333333334,-112.0,-32.0,1982.0,194.0
Maharashtra,HINGOLI,2009,50,34,1,10,0,10,16,12,4,9,1,41,100,187,41,146,120,7,47,2,16,349,3,27,8,106,0,94,439,1667,166,621,474,1751.0,192.0,686.0,1712.6666666666667,178.66666666666666,-84.0,-26.0,1865.0,174.0
Maharashtra,JALGAON,2009,75,52,1,30,0,30,25,25,0,38,1,46,245,717,212,505,289,95,221,5,15,720,10,109,39,423,0,399,1182,4737,636,1238,1679,4901.0,671.0,1239.0,4647.666666666667,604.0,-164.0,-35.0,5408.0,701.0
Maharashtra,JALNA,2009,55,38,1,22,0,22,20,17,3,19,5,62,183,415,136,279,192,12,92,2,17,534,25,54,14,346,0,164,667,2939,478,924,1013,2832.0,422.0,903.0,2809.0,384.0,107.0,56.0,2960.0,468.0
Maharashtra,KOLHAPUR,2009,46,36,1,35,0,35,22,18,4,17,0,49,295,745,330,415,215,101,283,4,22,437,18,61,15,130,0,313,1072,3917,277,841,1785,4398.0,311.0,1085.0,4056.0,287.6666666666667,-481.0,-34.0,3727.0,237.0
Maharashtra,LATUR,2009,70,36,1,33,0,33,28,28,0,14,3,33,212,427,198,229,195,8,84,4,24,715,15,49,0,159,0,209,1088,3407,284,1111,1066,3681.0,389.0,1299.0,3806.6666666666665,327.3333333333333,-274.0,-105.0,3513.0,379.0
Maharashtra,MUMBAI COMMR.,2009,217,160,6,182,0,182,149,86,63,39,34,316,2769,12009,4183,7826,305,511,2132,129,14,3892,15,400,101,434,0,710,6738,31262,1218,5227,26787,32770.0,1404.0,5609.0,31440.333333333332,1223.3333333333333,-1508.0,-186.0,33932.0,1286.0
Maharashtra,MUMBAI RLY.,2009,7,3,0,4,0,4,3,0,3,2,3,39,3,2076,0,2076,6,12,36,0,0,45,0,12,4,0,0,1,91,2347,20,107,4155,2222.0,19.0,127.0,2028.3333333333333,17.0,125.0,1.0,2322.0,29.0
Maharashtra,NAGPUR COMMR.,2009,95,72,2,45,0,45,73,52,21,18,17,317,724,1733,831,902,209,68,302,19,16,791,7,60,39,232,0,260,2686,7785,435,1604,4190,8661.0,487.0,1609.0,9481.0,462.0,-876.0,-52.0,7728.0,410.0
Maharashtra,NAGPUR RLY.,2009,4,3,0,1,0,1,1,1,0,11,5,20,2,942,22,920,6,3,6,7,0,21,0,7,2,0,0,1,118,1160,11,56,1886,1247.0,13.0,79.0,1122.3333333333333,11.333333333333334,-87.0,-2.0,1135.0,13.0
Maharashtra,NAGPUR RURAL,2009,74,36,1,33,0,33,23,13,10,9,6,42,256,829,157,672,106,28,31,5,28,618,6,71,22,84,0,434,1241,3983,229,933,1914,4567.0,280.0,1054.0,4505.666666666667,276.6666666666667,-584.0,-51.0,3922.0,226.0
Maharashtra,NANDED,2009,102,71,6,34,0,34,40,29,11,32,2,90,338,450,142,308,271,28,126,14,69,1151,30,62,3,346,0,247,1479,4991,504,1765,1238,4778.0,388.0,1710.0,4753.333333333333,381.6666666666667,213.0,116.0,5312.0,552.0
Maharashtra,NANDURBAR,2009,43,13,1,23,0,23,13,13,0,2,0,10,84,181,60,121,101,4,37,2,10,250,1,33,11,75,0,119,343,1356,156,454,446,1501.0,141.0,457.0,1448.6666666666667,143.0,-145.0,15.0,1542.0,166.0
Maharashtra,NASIK COMMR.,2009,41,28,2,24,0,24,24,16,8,22,2,79,621,1705,850,855,137,21,173,12,22,247,5,49,20,131,0,333,520,4218,245,582,4031,3813.0,233.0,662.0,3293.0,212.66666666666666,405.0,12.0,4484.0,239.0
Maharashtra,NASIK RURAL,2009,73,48,1,46,0,46,25,20,5,31,2,39,195,571,188,383,346,73,115,11,14,793,9,64,31,290,0,666,1397,4840,460,1371,1337,4480.0,430.0,1386.0,4715.333333333333,519.3333333333334,360.0,30.0,5011.0,528.0
Maharashtra,NAVI MUMBAI,2009,45,41,4,19,0,19,20,10,10,11,23,128,460,1774,875,899,139,72,313,13,3,411,6,36,34,84,0,396,844,4876,189,807,4008,4686.0,141.0,893.0,4461.666666666667,134.0,190.0,48.0,5873.0,204.0
Maharashtra,OSMANABAD,2009,33,23,0,20,0,20,19,16,3,25,3,37,153,285,81,204,162,20,81,1,19,516,3,64,9,153,0,212,854,2692,265,810,723,3072.0,313.0,868.0,3168.3333333333335,294.6666666666667,-380.0,-48.0,2831.0,299.0
Maharashtra,PARBHANI,2009,52,31,0,30,0,30,24,14,10,14,2,29,236,378,140,238,132,7,57,3,26,953,7,49,7,219,0,127,325,2708,326,1251,992,2767.0,304.0,1360.0,2674.0,288.0,-59.0,22.0,3043.0,315.0
Maharashtra,PUNE COMMR.,2009,119,120,9,67,0,67,105,84,21,36,52,513,1305,5181,3261,1920,468,76,613,58,19,1215,7,100,72,235,0,539,2939,13848,565,2616,11667,14467.0,638.0,2722.0,12923.0,597.6666666666666,-619.0,-73.0,13602.0,572.0
Maharashtra,PUNE RLY.,2009,3,3,0,1,0,1,2,1,1,9,0,23,1,443,2,441,4,2,5,0,0,5,0,0,0,0,0,2,38,541,2,41,887,455.0,6.0,28.0,379.0,3.3333333333333335,86.0,-4.0,439.0,2.0
Maharashtra,PUNE RURAL,2009,125,61,6,72,0,72,57,38,19,45,19,116,746,1804,893,911,387,50,178,8,16,808,9,133,15,218,0,999,1665,7537,485,1632,4354,7183.0,432.0,1681.0,6333.333333333333,402.0,354.0,53.0,7741.0,486.0
Maharashtra,RAIGAD,2009,31,31,0,21,0,21,4,3,1,4,1,13,156,318,88,230,107,20,77,11,4,211,4,26,19,30,0,332,633,2053,103,418,792,2061.0,111.0,510.0,2347.0,141.66666666666666,-8.0,-8.0,2006.0,120.0
Maharashtra,RATNAGIRI,2009,24,4,0,14,0,14,12,8,4,3,0,14,103,212,46,166,99,25,53,12,19,179,0,36,20,51,0,129,468,1477,129,346,527,1561.0,153.0,372.0,1598.3333333333333,143.33333333333334,-84.0,-24.0,1604.0,117.0
Maharashtra,SANGLI,2009,67,32,0,37,0,37,22,9,13,7,3,25,219,513,155,358,175,15,194,7,37,417,12,45,10,66,0,296,578,2777,179,775,1245,2909.0,288.0,728.0,2742.6666666666665,243.0,-132.0,-109.0,2922.0,238.0
Maharashtra,SATARA,2009,47,38,7,26,0,26,22,18,4,32,7,115,405,1023,409,614,216,52,163,1,18,398,4,57,7,131,0,443,1138,4350,243,869,2451,4634.0,303.0,951.0,4537.333333333333,378.6666666666667,-284.0,-60.0,4349.0,327.0
Maharashtra,SINDHUDURG,2009,11,5,1,8,0,8,4,3,1,1,0,8,97,132,40,92,52,15,53,7,9,109,1,12,6,11,0,86,244,872,41,198,361,795.0,73.0,185.0,797.6666666666666,58.333333333333336,77.0,-32.0,815.0,46.0
Maharashtra,SOLAPUR COMMR.,2009,18,19,0,22,0,22,7,6,1,3,1,30,145,347,166,181,47,3,97,3,3,133,0,10,5,68,0,101,403,1465,111,276,839,1684.0,118.0,350.0,1678.0,119.33333333333333,-219.0,-7.0,1623.0,126.0
Maharashtra,SOLAPUR RURAL,2009,80,68,5,50,0,50,43,29,14,37,6,79,332,584,203,381,309,37,175,1,24,693,5,96,0,210,0,477,1323,4634,390,1327,1500,4720.0,451.0,1329.0,4197.333333333333,343.6666666666667,-86.0,-61.0,4751.0,439.0
Maharashtra,THANE COMMR.,2009,122,74,2,66,0,66,87,55,32,16,25,170,1138,2770,1228,1542,320,170,860,32,8,1217,12,148,52,387,0,356,1538,9570,720,2058,6678,9479.0,737.0,2260.0,8871.333333333334,672.3333333333334,91.0,-17.0,9943.0,712.0
Maharashtra,THANE RURAL,2009,138,47,4,53,0,53,34,20,14,30,11,98,587,1094,473,621,351,51,197,20,18,744,1,97,30,106,0,654,1055,5420,307,1469,2775,5792.0,400.0,1529.0,5343.0,401.3333333333333,-372.0,-93.0,6213.0,330.0
Maharashtra,WARDHA,2009,29,28,4,41,0,41,18,15,3,6,4,38,251,800,86,714,112,17,49,9,58,766,1,84,32,100,0,187,1407,4041,273,1036,1851,4369.0,333.0,1126.0,4175.0,314.0,-328.0,-60.0,3882.0,337.0
Maharashtra,WASHIM,2009,22,22,0,25,0,25,13,12,1,14,1,37,91,418,72,346,78,13,47,1,30,483,5,61,16,109,0,105,530,2121,228,680,927,2222.0,227.0,675.0,2129.3333333333335,239.0,-101.0,1.0,2070.0,199.0
Maharashtra,YAVATMAL,2009,77,57,1,40,0,40,28,25,3,8,0,52,246,914,154,760,103,28,58,4,37,986,9,128,23,212,0,255,1384,4650,437,1344,2074,4899.0,397.0,1368.0,5025.333333333333,439.0,-249.0,40.0,4777.0,413.0
Maharashtra,AHMEDNAGAR,2010,122,75,1,57,0,57,58,45,13,58,8,155,579,1517,536,981,570,47,254,9,46,718,10,115,1,604,0,703,1508,7215,832,1756,3613,6530.0,743.0,1589.0,6784.333333333333,731.0,685.0,89.0,7648.0,1011.0
Maharashtra,AKOLA,2010,46,66,3,25,0,25,25,23,2,11,2,83,283,1053,183,870,172,25,113,5,45,815,12,100,55,149,0,151,1233,4472,364,1235,2389,4227.0,348.0,1173.0,4142.0,359.3333333333333,245.0,16.0,4025.0,337.0
Maharashtra,AMRAVATI COMMR.,2010,11,30,4,20,0,20,31,28,3,3,8,54,232,988,238,750,55,31,63,6,16,456,3,52,12,96,0,68,840,3079,211,661,2208,2629.0,191.0,540.0,2570.3333333333335,170.33333333333334,450.0,20.0,2931.0,199.0
Maharashtra,AMRAVATI RURAL,2010,64,37,1,40,0,40,31,29,2,10,2,25,248,850,110,740,118,15,55,2,68,1046,2,179,38,135,0,209,1399,4574,423,1362,1948,4209.0,381.0,1225.0,4017.0,377.0,365.0,42.0,4228.0,388.0
Maharashtra,AURANGABAD COMMR.,2010,38,86,1,23,0,23,40,30,10,22,3,122,347,1012,474,538,138,26,207,1,15,467,10,52,39,157,0,162,985,3953,311,915,2371,3727.0,285.0,869.0,3444.6666666666665,286.3333333333333,226.0,26.0,3781.0,263.0
Maharashtra,AURANGABAD RURAL,2010,49,33,4,16,0,16,16,12,4,17,4,30,225,532,166,366,240,13,81,1,30,607,21,56,14,303,0,308,623,3223,422,995,1289,2934.0,347.0,1004.0,3104.3333333333335,371.6666666666667,289.0,75.0,3214.0,368.0
Maharashtra,BEED,2010,86,74,6,28,0,28,44,29,15,37,5,71,298,523,181,342,297,19,95,4,39,879,11,87,11,360,0,290,785,4049,526,1485,1344,4338.0,540.0,1728.0,4434.666666666667,520.6666666666666,-289.0,-14.0,4230.0,571.0
Maharashtra,BHANDARA,2010,24,7,4,24,0,24,15,13,2,0,1,17,208,448,88,360,49,20,28,9,18,309,3,42,12,61,0,151,792,2242,155,449,1104,2259.0,145.0,411.0,2552.6666666666665,173.0,-17.0,10.0,2077.0,127.0
Maharashtra,BULDHANA,2010,59,48,4,29,0,29,21,18,3,8,3,36,174,642,183,459,255,26,77,8,70,751,34,131,40,185,0,290,1081,3972,437,1203,1458,4260.0,481.0,1184.0,4178.0,491.6666666666667,-288.0,-44.0,3902.0,409.0
Maharashtra,CHANDRAPUR,2010,56,29,3,43,0,43,21,16,5,3,2,24,264,661,141,520,104,22,76,3,45,639,7,117,116,147,0,280,1344,4006,446,919,1586,4483.0,531.0,995.0,4362.333333333333,513.6666666666666,-477.0,-85.0,3828.0,379.0
Maharashtra,DHULE,2010,48,54,1,18,0,18,12,12,0,24,2,42,197,398,138,260,198,25,77,3,16,400,6,28,9,234,0,314,868,2974,307,773,993,2662.0,351.0,715.0,2708.6666666666665,304.0,312.0,-44.0,2749.0,309.0
Maharashtra,GADCHIROLI,2010,58,30,1,16,0,16,11,9,2,6,1,11,93,124,34,90,21,5,14,0,46,202,0,28,0,20,0,97,298,1082,73,350,341,1188.0,82.0,367.0,1221.6666666666667,101.0,-106.0,-9.0,957.0,73.0
Maharashtra,GONDIA,2010,29,15,4,28,0,28,18,15,3,3,0,20,191,323,76,247,48,16,35,5,22,361,3,80,27,41,0,128,585,1982,194,523,837,1911.0,189.0,483.0,1957.0,204.0,71.0,5.0,1947.0,177.0
Maharashtra,HINGOLI,2010,38,36,0,14,0,14,6,4,2,9,1,40,93,180,58,122,142,3,60,3,30,417,1,33,7,115,0,96,541,1865,174,693,453,1667.0,166.0,621.0,1671.6666666666667,175.33333333333334,198.0,8.0,1743.0,155.0
Maharashtra,JALGAON,2010,94,71,4,49,0,49,41,32,9,41,0,62,281,879,238,641,320,101,198,17,40,838,11,143,41,425,0,457,1295,5408,701,1479,2039,4737.0,636.0,1238.0,4745.666666666667,640.0,671.0,65.0,5518.0,642.0
Maharashtra,JALNA,2010,51,43,3,11,0,11,13,11,2,16,3,71,213,419,140,279,219,9,103,1,20,582,40,81,10,315,0,157,580,2960,468,993,1051,2939.0,478.0,924.0,2785.0,424.0,21.0,-10.0,3017.0,427.0
Maharashtra,KOLHAPUR,2010,52,30,1,27,0,27,22,13,9,13,2,45,229,700,334,366,218,67,267,5,16,462,18,71,12,96,0,383,991,3727,237,857,1629,3917.0,277.0,841.0,4101.333333333333,280.6666666666667,-190.0,-40.0,4114.0,294.0
Maharashtra,LATUR,2010,65,41,0,28,0,28,31,31,0,20,4,57,226,444,187,257,242,14,87,6,33,703,3,85,3,229,0,232,960,3513,379,1167,1114,3407.0,284.0,1111.0,3641.6666666666665,320.6666666666667,106.0,95.0,3418.0,271.0
Maharashtra,MUMBAI COMMR.,2010,228,170,7,194,0,194,194,146,48,35,42,410,3059,13195,4167,9028,391,482,2211,76,22,4487,21,475,138,312,0,690,7093,33932,1286,6081,29449,31262.0,1218.0,5227.0,31504.333333333332,1263.3333333333333,2670.0,68.0,32647.0,1509.0
Maharashtra,MUMBAI RLY.,2010,6,7,2,2,0,2,4,3,1,4,0,55,2,2037,1,2036,8,7,42,1,0,46,0,15,9,0,0,6,69,2322,29,130,4076,2347.0,20.0,107.0,2178.3333333333335,15.0,-25.0,9.0,2471.0,20.0
Maharashtra,NAGPUR COMMR.,2010,88,69,5,58,0,58,57,34,23,13,13,259,599,1732,852,880,183,72,264,24,20,842,8,87,48,175,0,332,2780,7728,410,1561,4063,7785.0,435.0,1604.0,8745.666666666666,475.6666666666667,-57.0,-25.0,8063.0,368.0
Maharashtra,NAGPUR RLY.,2010,10,3,0,1,0,1,3,2,1,7,2,43,2,942,19,923,10,6,3,5,1,25,0,8,2,0,0,1,61,1135,13,95,1886,1160.0,11.0,56.0,1146.0,11.666666666666666,-25.0,2.0,1235.0,12.0
Maharashtra,NAGPUR RURAL,2010,86,29,3,39,0,39,30,26,4,11,4,57,236,734,187,547,94,11,41,1,50,596,8,78,19,56,0,464,1275,3922,226,934,1704,3983.0,229.0,933.0,4328.666666666667,256.6666666666667,-61.0,-3.0,3891.0,221.0
Maharashtra,NANDED,2010,82,67,3,36,0,36,52,43,9,25,2,99,416,516,168,348,309,22,178,5,50,1181,68,85,5,315,0,276,1520,5312,552,1829,1448,4991.0,504.0,1765.0,4807.666666666667,425.3333333333333,321.0,48.0,5162.0,525.0
Maharashtra,NANDURBAR,2010,43,14,3,20,0,20,14,12,2,12,0,7,82,161,57,104,123,7,41,5,9,283,2,32,12,88,0,146,438,1542,166,507,404,1356.0,156.0,454.0,1478.6666666666667,144.66666666666666,186.0,10.0,1486.0,169.0
Maharashtra,NASIK COMMR.,2010,37,32,1,30,0,30,27,19,8,24,13,117,528,1882,963,919,146,52,187,23,17,268,2,46,18,124,0,217,693,4484,239,658,4292,4218.0,245.0,582.0,3715.3333333333335,225.0,266.0,-6.0,4512.0,203.0
Maharashtra,NASIK RURAL,2010,91,49,3,53,0,53,28,19,9,41,9,45,226,697,240,457,368,70,126,8,14,729,6,79,27,344,0,677,1321,5011,528,1366,1620,4840.0,460.0,1371.0,4739.666666666667,476.0,171.0,68.0,4989.0,498.0
Maharashtra,NAVI MUMBAI,2010,57,27,3,27,0,27,23,11,12,9,13,136,700,2040,1004,1036,135,72,452,5,6,462,3,36,38,89,0,432,1108,5873,204,870,4780,4876.0,189.0,807.0,4755.666666666667,149.33333333333334,997.0,15.0,5658.0,256.0
Maharashtra,OSMANABAD,2010,44,31,1,28,0,28,29,23,6,20,2,33,167,348,92,256,167,31,176,0,25,535,2,74,11,161,0,263,683,2831,299,868,863,2692.0,265.0,810.0,2990.0,296.6666666666667,139.0,34.0,3083.0,335.0
Maharashtra,PARBHANI,2010,41,49,4,20,0,20,36,21,15,11,4,60,318,416,139,277,183,15,84,1,34,1068,5,54,6,209,0,138,287,3043,315,1461,1150,2708.0,326.0,1251.0,2739.3333333333335,304.0,335.0,-11.0,2967.0,348.0
Maharashtra,PUNE COMMR.,2010,129,94,6,91,0,91,129,94,35,30,31,452,1250,4674,2948,1726,393,72,663,37,17,1169,4,78,91,214,0,620,3358,13602,572,2463,10598,13848.0,565.0,2616.0,13711.0,591.3333333333334,-246.0,7.0,12622.0,608.0
Maharashtra,PUNE RLY.,2010,0,1,0,0,0,0,2,1,1,7,2,7,0,375,2,373,2,3,3,0,0,6,0,1,0,0,0,0,30,439,2,18,750,541.0,2.0,41.0,462.6666666666667,2.6666666666666665,-102.0,0.0,462.0,4.0
Maharashtra,PUNE RURAL,2010,141,81,15,72,0,72,48,33,15,42,30,145,642,1615,790,825,437,111,255,14,29,836,15,136,30,200,0,1096,1751,7741,486,1775,3872,7537.0,485.0,1632.0,6988.0,446.0,204.0,1.0,7902.0,471.0
Maharashtra,RAIGAD,2010,44,22,5,15,0,15,11,7,4,11,6,17,127,284,78,206,86,21,113,6,11,222,0,39,10,49,0,351,556,2006,120,422,695,2053.0,103.0,418.0,2168.3333333333335,125.0,-47.0,17.0,1997.0,113.0
Maharashtra,RATNAGIRI,2010,23,10,1,28,0,28,9,7,2,5,0,16,148,227,35,192,123,26,74,4,13,171,0,37,12,33,0,169,475,1604,117,381,602,1477.0,129.0,346.0,1546.0,139.0,127.0,-12.0,1463.0,143.0
Maharashtra,SANGLI,2010,61,33,5,49,0,49,26,10,16,8,1,35,239,484,180,304,155,20,196,5,29,449,18,67,10,84,0,320,628,2922,238,813,1207,2777.0,179.0,775.0,2779.0,236.0,145.0,59.0,2743.0,215.0
Maharashtra,SATARA,2010,43,59,2,27,0,27,42,29,13,28,3,76,412,869,330,539,247,102,177,6,21,472,0,82,19,170,0,509,983,4349,327,968,2150,4350.0,243.0,869.0,4439.666666666667,317.3333333333333,-1.0,84.0,4312.0,347.0
Maharashtra,SINDHUDURG,2010,14,7,1,9,0,9,5,4,1,0,0,6,95,138,25,113,39,13,47,3,14,118,0,10,12,11,0,80,193,815,46,199,371,872.0,41.0,198.0,816.3333333333334,54.666666666666664,-57.0,5.0,792.0,43.0
Maharashtra,SOLAPUR COMMR.,2010,20,16,4,12,0,12,14,10,4,11,1,47,143,377,194,183,65,16,78,4,4,155,2,22,2,78,0,106,446,1623,126,333,897,1465.0,111.0,276.0,1571.0,118.33333333333333,158.0,15.0,1965.0,148.0
Maharashtra,SOLAPUR RURAL,2010,75,40,6,63,0,63,37,34,3,38,9,79,370,658,245,413,330,15,164,6,44,741,5,97,35,205,0,515,1219,4751,439,1371,1686,4634.0,390.0,1327.0,4524.666666666667,373.3333333333333,117.0,49.0,4716.0,392.0
Maharashtra,THANE COMMR.,2010,107,72,3,93,0,93,93,61,32,32,20,172,1080,3173,1493,1680,285,133,794,34,22,1322,9,152,32,365,0,343,1607,9943,712,2147,7426,9570.0,720.0,2058.0,9320.0,715.3333333333334,373.0,-8.0,9653.0,698.0
Maharashtra,THANE RURAL,2010,135,46,12,47,0,47,44,20,24,34,24,231,757,1242,560,682,373,40,299,11,29,817,6,95,42,120,0,683,1126,6213,330,1705,3241,5420.0,307.0,1469.0,5493.0,365.3333333333333,793.0,23.0,6005.0,285.0
Maharashtra,WARDHA,2010,41,29,5,44,0,44,26,22,4,9,0,46,237,781,119,662,115,19,43,8,62,744,2,119,57,93,0,205,1197,3882,337,1050,1799,4041.0,273.0,1036.0,4145.333333333333,298.6666666666667,-159.0,64.0,3492.0,255.0
Maharashtra,WASHIM,2010,40,21,2,12,0,12,17,14,3,6,2,28,121,377,102,275,100,9,33,4,31,385,5,56,10,102,0,120,589,2070,199,605,875,2121.0,228.0,680.0,2166.0,234.0,-51.0,-29.0,2279.0,256.0
Maharashtra,YAVATMAL,2010,68,43,5,33,0,33,52,49,3,4,1,78,280,898,181,717,139,17,50,5,40,915,7,121,38,165,0,273,1545,4777,413,1333,2076,4650.0,437.0,1344.0,4832.666666666667,417.3333333333333,127.0,-24.0,5008.0,451.0
Maharashtra,AHMEDNAGAR,2011,107,108,3,78,0,78,82,59,23,64,20,161,626,1622,466,1156,679,32,273,8,43,779,32,160,5,677,0,713,1376,7648,1011,1997,3870,7215.0,832.0,1756.0,6938.333333333333,774.3333333333334,433.0,179.0,7246.0,857.0
Maharashtra,AKOLA,2011,46,43,3,30,0,30,40,37,3,11,1,61,249,821,166,655,115,15,125,20,36,759,13,93,24,140,0,156,1224,4025,337,1097,1891,4472.0,364.0,1235.0,4277.0,367.6666666666667,-447.0,-27.0,3442.0,261.0
Maharashtra,AMRAVATI COMMR.,2011,15,42,2,22,0,22,20,19,1,5,8,65,237,1004,236,768,68,18,70,11,8,364,2,49,13,94,0,91,723,2931,199,598,2245,3079.0,211.0,661.0,2715.6666666666665,191.0,-148.0,-12.0,2713.0,178.0
Maharashtra,AMRAVATI RURAL,2011,58,38,2,69,0,69,29,27,2,11,0,35,222,779,85,694,92,13,40,3,81,923,3,142,43,104,0,207,1334,4228,388,1246,1780,4574.0,423.0,1362.0,4311.0,396.0,-346.0,-35.0,4442.0,419.0
Maharashtra,AURANGABAD COMMR.,2011,41,118,1,16,0,16,35,24,11,23,5,152,380,852,429,423,154,21,194,5,26,470,7,65,29,122,0,168,897,3781,263,987,2084,3953.0,311.0,915.0,3710.6666666666665,285.3333333333333,-172.0,-48.0,3659.0,272.0
Maharashtra,AURANGABAD RURAL,2011,60,48,2,18,0,18,16,12,4,14,2,34,184,512,149,363,277,9,58,1,37,695,36,78,12,212,0,296,613,3214,368,1150,1208,3223.0,422.0,995.0,3168.0,378.6666666666667,-9.0,-54.0,3562.0,453.0
Maharashtra,BEED,2011,61,72,8,32,0,32,58,37,21,48,7,88,325,496,171,325,333,52,158,1,45,953,11,99,14,378,0,322,669,4230,571,1605,1317,4049.0,526.0,1485.0,4295.666666666667,520.0,181.0,45.0,4099.0,539.0
Maharashtra,BHANDARA,2011,33,15,4,23,0,23,12,9,3,3,2,19,171,444,82,362,25,10,40,5,20,306,1,30,14,50,0,156,694,2077,127,437,1059,2242.0,155.0,449.0,2448.6666666666665,166.33333333333334,-165.0,-28.0,2019.0,165.0
Maharashtra,BULDHANA,2011,60,41,1,26,0,26,28,27,1,11,1,35,168,610,177,433,233,27,120,3,45,768,14,124,24,194,0,265,1104,3902,409,1192,1388,3972.0,437.0,1203.0,4242.0,476.6666666666667,-70.0,-28.0,3497.0,419.0
Maharashtra,CHANDRAPUR,2011,50,39,6,56,0,56,30,25,5,8,2,43,230,668,169,499,82,18,67,3,36,629,4,108,77,109,0,284,1279,3828,379,935,1566,4006.0,446.0,919.0,4315.0,511.6666666666667,-178.0,-67.0,3763.0,400.0
Maharashtra,DHULE,2011,49,31,1,16,0,16,27,27,0,41,1,57,194,434,146,288,212,27,79,1,15,379,4,52,7,203,0,285,634,2749,309,772,1062,2974.0,307.0,773.0,2806.3333333333335,305.0,-225.0,2.0,2542.0,296.0
Maharashtra,GADCHIROLI,2011,82,27,1,20,0,20,5,3,2,2,0,10,55,102,27,75,21,1,11,0,40,196,0,24,3,23,0,103,231,957,73,362,259,1082.0,73.0,350.0,1155.0,91.0,-125.0,0.0,981.0,71.0
Maharashtra,GONDIA,2011,37,22,2,31,0,31,24,23,1,5,0,19,159,370,73,297,35,12,49,2,21,363,1,67,19,36,0,125,548,1947,177,533,899,1982.0,194.0,523.0,1972.0,201.33333333333334,-35.0,-17.0,1772.0,155.0
Maharashtra,HINGOLI,2011,39,33,0,18,0,18,12,8,4,3,3,15,87,160,35,125,131,10,55,0,32,411,0,42,5,82,0,86,519,1743,155,659,407,1865.0,174.0,693.0,1761.0,177.33333333333334,-122.0,-19.0,1391.0,148.0
Maharashtra,JALGAON,2011,81,72,4,48,0,48,57,25,32,21,4,80,274,982,260,722,356,107,308,7,31,788,8,146,51,364,0,467,1262,5518,642,1486,2238,5408.0,701.0,1479.0,5015.333333333333,669.3333333333334,110.0,-59.0,4954.0,679.0
Maharashtra,JALNA,2011,47,40,2,15,0,15,20,17,3,16,10,52,226,485,156,329,203,16,95,0,18,604,23,73,10,289,0,196,577,3017,427,983,1196,2960.0,468.0,993.0,2910.3333333333335,456.0,57.0,-41.0,3051.0,480.0
Maharashtra,KOLHAPUR,2011,65,41,2,42,0,42,38,35,3,23,3,51,367,876,321,555,237,75,240,4,17,480,19,59,18,121,0,381,955,4114,294,956,2119,3727.0,237.0,857.0,4014.0,275.0,387.0,57.0,4554.0,333.0
Maharashtra,LATUR,2011,68,48,3,17,0,17,37,37,0,16,3,50,251,404,181,223,280,11,128,1,26,684,4,57,0,156,0,215,959,3418,271,1187,1059,3513.0,379.0,1167.0,3533.6666666666665,350.6666666666667,-95.0,-108.0,3237.0,330.0
Maharashtra,MUMBAI COMMR.,2011,203,180,4,221,0,221,221,166,55,28,46,467,2745,12983,4702,8281,379,553,1946,81,46,4302,14,553,162,393,0,656,6464,32647,1509,5977,28711,33932.0,1286.0,6081.0,32654.666666666668,1302.6666666666667,-1285.0,223.0,30508.0,1621.0
Maharashtra,MUMBAI RLY.,2011,12,2,1,3,0,3,9,6,3,2,0,63,3,2134,0,2134,6,6,50,1,0,56,0,8,3,0,0,1,111,2471,20,152,4271,2322.0,29.0,130.0,2297.0,22.666666666666668,149.0,-9.0,2325.0,31.0
Maharashtra,NAGPUR COMMR.,2011,114,74,13,45,0,45,40,24,16,12,11,198,734,2287,1142,1145,148,68,294,22,22,876,4,68,53,174,0,243,2563,8063,368,1508,5308,7728.0,410.0,1561.0,8058.0,444.0,335.0,-42.0,8277.0,405.0
Maharashtra,NAGPUR RLY.,2011,3,3,0,1,0,1,0,0,0,6,0,29,4,1059,15,1044,11,1,5,15,0,14,0,9,1,1,0,0,73,1235,12,61,2122,1135.0,13.0,95.0,1180.6666666666667,12.333333333333334,100.0,-1.0,1292.0,14.0
Maharashtra,NAGPUR RURAL,2011,65,31,5,44,0,44,25,24,1,5,6,36,206,873,173,700,86,31,55,6,45,591,11,65,15,62,0,484,1144,3891,221,883,1952,3922.0,226.0,934.0,4157.333333333333,245.0,-31.0,-5.0,3622.0,229.0
Maharashtra,NANDED,2011,90,76,3,32,0,32,52,43,9,15,4,59,389,498,149,349,315,34,209,3,67,1088,29,93,3,325,0,250,1528,5162,525,1715,1385,5312.0,552.0,1829.0,5027.0,481.3333333333333,-150.0,-27.0,4668.0,602.0
Maharashtra,NANDURBAR,2011,43,16,1,20,0,20,18,15,3,12,1,10,71,180,54,126,90,8,39,3,3,278,0,40,7,87,0,141,418,1486,169,476,431,1542.0,166.0,507.0,1466.3333333333333,154.33333333333334,-56.0,3.0,1358.0,131.0
Maharashtra,NASIK COMMR.,2011,37,32,4,25,0,25,16,11,5,28,6,154,516,2095,1079,1016,111,31,197,14,21,258,5,37,10,115,0,177,623,4512,203,637,4706,4484.0,239.0,658.0,4171.666666666667,239.0,28.0,-36.0,4390.0,235.0
Maharashtra,NASIK RURAL,2011,86,59,1,43,0,43,33,28,5,28,8,52,226,655,202,453,359,49,171,6,9,758,5,91,33,298,0,672,1347,4989,498,1391,1536,5011.0,528.0,1366.0,4777.0,472.6666666666667,-22.0,-30.0,5216.0,526.0
Maharashtra,NAVI MUMBAI,2011,70,22,4,38,0,38,32,17,15,15,5,316,688,1935,913,1022,129,81,410,9,6,504,1,57,33,110,0,368,825,5658,256,1115,4558,5873.0,204.0,870.0,5145.0,178.0,-215.0,52.0,5157.0,230.0
Maharashtra,OSMANABAD,2011,42,35,0,30,0,30,28,18,10,17,7,24,220,346,88,258,230,19,142,0,18,626,2,88,11,186,0,277,735,3083,335,1015,912,2831.0,299.0,868.0,2865.0,292.3333333333333,252.0,36.0,3055.0,334.0
Maharashtra,PARBHANI,2011,58,64,1,26,0,26,36,16,20,16,5,61,283,383,148,235,169,5,90,0,39,979,5,80,6,215,0,147,299,2967,348,1394,1049,3043.0,315.0,1461.0,2839.3333333333335,315.0,-76.0,33.0,2836.0,363.0
Maharashtra,PUNE COMMR.,2011,110,118,5,79,0,79,104,72,32,19,34,546,1192,4710,2869,1841,478,93,769,34,27,991,8,118,80,251,0,538,2318,12622,608,2431,10612,13602.0,572.0,2463.0,13972.333333333334,591.6666666666666,-980.0,36.0,12308.0,591.0
Maharashtra,PUNE RLY.,2011,3,0,0,0,0,0,3,0,3,6,1,7,1,391,10,381,1,4,3,0,0,8,0,4,0,0,0,0,30,462,4,22,783,439.0,2.0,18.0,478.3333333333333,3.3333333333333335,23.0,2.0,445.0,6.0
Maharashtra,PUNE RURAL,2011,148,97,9,87,0,87,64,48,16,45,29,150,719,1778,824,954,409,56,298,15,46,789,16,122,26,172,0,1070,1757,7902,471,1753,4275,7741.0,486.0,1775.0,7487.0,467.6666666666667,161.0,-15.0,8433.0,563.0
Maharashtra,RAIGAD,2011,39,16,0,7,0,7,7,5,2,5,2,20,130,322,52,270,115,27,124,4,11,205,2,42,15,42,0,292,570,1997,113,409,774,2006.0,120.0,422.0,2040.0,111.33333333333333,-9.0,-7.0,2159.0,129.0
Maharashtra,RATNAGIRI,2011,15,12,2,30,0,30,12,10,2,4,0,16,139,228,33,195,78,30,62,2,25,169,1,35,18,49,0,148,388,1463,143,334,595,1604.0,117.0,381.0,1547.3333333333333,133.0,-141.0,26.0,1398.0,102.0
Maharashtra,SANGLI,2011,53,29,4,40,0,40,22,13,9,10,0,22,178,544,265,279,163,14,218,9,27,385,5,51,8,98,0,315,548,2743,215,718,1266,2922.0,238.0,813.0,2869.3333333333335,235.0,-179.0,-23.0,2783.0,200.0
Maharashtra,SATARA,2011,55,40,3,34,0,34,41,36,5,36,0,120,382,930,362,568,226,42,191,5,28,417,2,80,16,179,0,492,993,4312,347,936,2242,4349.0,327.0,968.0,4444.333333333333,291.0,-37.0,20.0,5042.0,341.0
Maharashtra,SINDHUDURG,2011,12,7,2,11,0,11,10,7,3,1,0,19,72,92,10,82,42,14,70,1,15,107,0,8,12,5,0,84,208,792,43,210,256,815.0,46.0,199.0,827.3333333333334,53.333333333333336,-23.0,-3.0,803.0,62.0
Maharashtra,SOLAPUR COMMR.,2011,24,29,2,22,0,22,29,18,11,25,5,74,205,520,288,232,110,7,115,2,9,172,0,31,9,68,0,96,411,1965,148,462,1245,1623.0,126.0,333.0,1590.6666666666667,118.33333333333333,342.0,22.0,1992.0,141.0
Maharashtra,SOLAPUR RURAL,2011,107,47,4,53,0,53,43,32,11,26,9,79,285,729,226,503,401,19,136,4,40,725,6,94,32,175,0,576,1126,4716,392,1459,1743,4751.0,439.0,1371.0,4701.666666666667,426.6666666666667,-35.0,-47.0,4476.0,343.0
Maharashtra,THANE COMMR.,2011,127,65,4,79,0,79,92,70,22,22,23,277,1127,2956,1324,1632,279,127,855,21,23,2011,8,161,38,342,0,312,704,9653,698,2934,7039,9943.0,712.0,2147.0,9664.0,723.0,-290.0,-14.0,10144.0,749.0
Maharashtra,THANE RURAL,2011,147,61,19,63,0,63,55,32,23,42,11,295,759,1168,529,639,345,50,364,8,26,788,10,105,18,57,0,650,964,6005,285,1773,3095,6213.0,330.0,1705.0,5808.333333333333,345.6666666666667,-208.0,-45.0,6919.0,404.0
Maharashtra,WARDHA,2011,37,33,2,34,0,34,26,23,3,10,4,34,247,681,129,552,86,10,53,5,56,693,3,88,45,62,0,167,1116,3492,255,945,1609,3882.0,337.0,1050.0,4097.333333333333,314.3333333333333,-390.0,-82.0,3564.0,247.0
Maharashtra,WASHIM,2011,35,32,3,13,0,13,27,21,6,10,1,20,114,432,150,282,127,5,44,1,29,423,12,80,12,118,0,97,644,2279,256,680,978,2070.0,199.0,605.0,2137.6666666666665,218.0,209.0,57.0,2241.0,300.0
Maharashtra,YAVATMAL,2011,84,47,1,44,0,44,54,46,8,3,1,74,273,919,205,714,130,25,78,5,40,1005,8,118,37,198,0,255,1609,5008,451,1439,2111,4777.0,413.0,1333.0,4775.333333333333,415.6666666666667,231.0,38.0,6365.0,598.0
Maharashtra,AHMEDNAGAR,2012,111,91,5,61,0,61,59,49,10,48,14,262,481,1374,463,911,572,56,361,2,46,802,23,147,1,576,0,744,1410,7246,857,1963,3229,7648.0,1011.0,1997.0,7131.0,862.0,-402.0,-154.0,7934.0,843.0
Maharashtra,AKOLA,2012,42,34,3,19,0,19,22,19,3,3,2,49,191,677,129,548,107,23,103,21,33,720,4,92,40,87,0,172,998,3442,261,996,1545,4025.0,337.0,1097.0,4241.333333333333,349.6666666666667,-583.0,-76.0,3979.0,430.0
Maharashtra,AMRAVATI COMMR.,2012,24,38,1,20,0,20,20,16,4,5,7,54,232,778,195,583,77,35,59,8,13,387,1,53,14,74,0,64,749,2713,178,621,1788,2931.0,199.0,598.0,2879.6666666666665,200.33333333333334,-218.0,-21.0,2776.0,211.0
Maharashtra,AMRAVATI RURAL,2012,63,56,4,64,0,64,17,17,0,9,0,39,212,841,111,730,97,9,41,2,70,856,3,154,42,139,0,223,1501,4442,419,1196,1894,4228.0,388.0,1246.0,4337.0,397.3333333333333,214.0,31.0,5440.0,651.0
Maharashtra,AURANGABAD COMMR.,2012,46,55,5,23,0,23,25,18,7,25,8,178,292,822,419,403,168,19,245,2,24,460,4,79,28,120,0,185,846,3659,272,960,1936,3781.0,263.0,987.0,3820.3333333333335,286.3333333333333,-122.0,9.0,4033.0,424.0
Maharashtra,AURANGABAD RURAL,2012,74,49,4,25,0,25,16,10,6,16,9,45,206,540,139,401,306,10,75,0,34,833,18,77,25,298,0,281,621,3562,453,1352,1286,3214.0,368.0,1150.0,3123.6666666666665,379.0,348.0,85.0,4565.0,536.0
Maharashtra,BEED,2012,84,71,9,42,0,42,50,21,29,32,6,70,309,521,162,359,339,35,157,1,44,886,8,81,9,378,0,312,655,4099,539,1551,1351,4230.0,571.0,1605.0,4205.666666666667,545.6666666666666,-131.0,-32.0,4713.0,773.0
Maharashtra,BHANDARA,2012,20,11,3,26,0,26,11,8,3,3,1,31,141,430,57,373,34,11,46,0,23,378,3,36,33,59,0,157,562,2019,165,514,1001,2077.0,127.0,437.0,2192.6666666666665,142.33333333333334,-58.0,38.0,2257.0,220.0
Maharashtra,BULDHANA,2012,49,38,5,29,0,29,31,28,3,5,0,23,149,521,137,384,220,10,109,6,46,687,27,107,35,193,0,245,962,3497,419,1082,1191,3902.0,409.0,1192.0,4044.6666666666665,442.3333333333333,-405.0,10.0,4024.0,482.0
Maharashtra,CHANDRAPUR,2012,44,33,0,44,0,44,34,29,5,4,2,46,257,723,180,543,95,28,84,1,33,584,4,119,79,125,0,229,1195,3763,400,880,1703,3828.0,379.0,935.0,4105.666666666667,452.0,-65.0,21.0,4476.0,603.0
Maharashtra,DHULE,2012,50,39,1,30,0,30,18,14,4,51,4,54,158,320,107,213,173,48,94,0,6,298,4,39,2,207,0,313,633,2542,296,663,798,2749.0,309.0,772.0,2795.0,322.3333333333333,-207.0,-13.0,3136.0,366.0
Maharashtra,GADCHIROLI,2012,57,69,2,18,0,18,9,6,3,4,0,3,70,146,19,127,21,1,12,1,29,174,0,30,5,12,0,102,216,981,71,353,362,957.0,73.0,362.0,1075.6666666666667,76.0,24.0,-2.0,1033.0,111.0
Maharashtra,GONDIA,2012,41,28,2,38,0,38,10,10,0,6,0,19,143,269,76,193,40,7,47,2,26,342,0,47,18,42,0,147,498,1772,155,520,681,1947.0,177.0,533.0,1946.6666666666667,186.66666666666666,-175.0,-22.0,1887.0,233.0
Maharashtra,HINGOLI,2012,25,16,1,13,0,13,10,5,5,1,3,7,48,115,23,92,99,6,30,0,14,320,6,33,3,88,0,115,438,1391,148,491,278,1743.0,155.0,659.0,1758.3333333333333,165.0,-352.0,-7.0,1400.0,174.0
Maharashtra,JALGAON,2012,102,77,4,45,0,45,43,39,4,38,3,81,254,882,247,635,241,94,244,5,24,699,1,134,51,409,0,434,1089,4954,679,1292,2018,5518.0,642.0,1486.0,5221.0,659.6666666666666,-564.0,37.0,5548.0,818.0
Maharashtra,JALNA,2012,45,69,6,25,0,25,25,18,7,19,11,71,220,396,155,241,221,23,100,1,26,565,36,89,9,303,0,176,615,3051,480,1027,1012,3017.0,427.0,983.0,2972.0,457.6666666666667,34.0,53.0,3173.0,603.0
Maharashtra,KOLHAPUR,2012,63,39,0,48,0,48,45,22,23,11,3,62,357,824,320,504,427,104,330,2,23,536,17,66,32,148,0,396,1021,4554,333,1220,2005,4114.0,294.0,956.0,3919.3333333333335,269.3333333333333,440.0,39.0,4800.0,499.0
Maharashtra,LATUR,2012,67,63,4,21,0,21,32,32,0,21,1,39,204,403,192,211,240,10,192,7,34,578,4,61,0,212,0,227,817,3237,330,1044,1010,3418.0,271.0,1187.0,3446.0,311.3333333333333,-181.0,59.0,3443.0,495.0
Maharashtra,MUMBAI COMMR.,2012,215,170,9,232,0,232,212,141,71,29,29,1131,2500,10851,4075,6776,374,564,1827,48,86,3939,11,614,235,388,0,621,6423,30508,1621,6282,24202,32647.0,1509.0,5977.0,32613.666666666668,1337.6666666666667,-2139.0,112.0,34840.0,2872.0
Maharashtra,MUMBAI RLY.,2012,8,3,2,1,0,1,7,5,2,1,2,423,4,1635,1,1634,11,11,32,2,0,60,1,21,3,0,0,4,94,2325,31,515,3274,2471.0,20.0,152.0,2380.0,23.0,-146.0,11.0,2684.0,57.0
Maharashtra,NAGPUR COMMR.,2012,88,85,15,57,0,57,53,39,14,13,29,491,883,2339,1334,1005,169,50,264,7,32,974,6,84,53,166,0,297,2122,8277,405,1932,5561,8063.0,368.0,1508.0,7858.666666666667,404.3333333333333,214.0,37.0,9426.0,654.0
Maharashtra,NAGPUR RLY.,2012,5,5,0,1,0,1,2,2,0,4,2,67,1,1073,18,1055,12,2,3,16,1,18,0,4,4,3,0,2,67,1292,14,110,2147,1235.0,12.0,61.0,1176.6666666666667,12.0,57.0,2.0,1577.0,23.0
Maharashtra,NAGPUR RURAL,2012,55,30,7,29,0,29,15,15,0,8,9,42,210,862,160,702,66,32,54,3,46,561,7,82,20,76,0,404,1004,3622,229,805,1934,3891.0,221.0,883.0,3932.0,225.33333333333334,-269.0,8.0,4242.0,367.0
Maharashtra,NANDED,2012,81,57,1,48,0,48,37,32,5,18,3,47,317,476,172,304,276,24,170,4,52,963,25,71,5,421,0,282,1290,4668,602,1510,1269,5162.0,525.0,1715.0,5155.0,527.0,-494.0,77.0,5058.0,624.0
Maharashtra,NANDURBAR,2012,35,17,0,19,0,19,10,8,2,14,1,17,68,165,60,105,93,6,52,1,3,249,0,22,4,78,0,150,354,1358,131,440,398,1486.0,169.0,476.0,1461.3333333333333,163.66666666666666,-128.0,-38.0,1558.0,175.0
Maharashtra,NASIK COMMR.,2012,32,26,0,20,0,20,18,13,5,14,13,163,356,1070,615,455,94,28,139,17,16,229,3,36,16,147,0,184,1769,4390,235,582,2496,4512.0,203.0,637.0,4404.666666666667,229.0,-122.0,32.0,4401.0,329.0
Maharashtra,NASIK RURAL,2012,87,63,7,46,0,46,29,20,9,33,9,91,219,611,207,404,403,57,183,10,24,734,17,98,26,319,0,718,1432,5216,526,1460,1441,4989.0,498.0,1391.0,4946.666666666667,495.3333333333333,227.0,28.0,6477.0,780.0
Maharashtra,NAVI MUMBAI,2012,57,20,2,36,0,36,19,11,8,6,7,417,596,1513,772,741,124,80,455,15,4,404,3,64,25,91,0,365,854,5157,230,1079,3622,5658.0,256.0,1115.0,5469.0,216.33333333333334,-501.0,-26.0,5390.0,445.0
Maharashtra,OSMANABAD,2012,54,31,4,38,0,38,31,21,10,16,3,23,170,319,102,217,233,17,116,0,33,603,2,86,12,175,0,319,770,3055,334,1017,808,3083.0,335.0,1015.0,2868.6666666666665,299.6666666666667,-28.0,-1.0,2864.0,383.0
Maharashtra,PARBHANI,2012,34,63,0,28,0,28,31,13,18,25,1,65,287,377,127,250,160,13,106,1,31,863,3,68,9,242,0,143,286,2836,363,1244,1041,2967.0,348.0,1394.0,2906.0,329.6666666666667,-131.0,15.0,3573.0,490.0
Maharashtra,PUNE COMMR.,2012,110,124,3,85,0,85,109,77,32,35,50,731,1019,4181,2604,1577,532,92,756,18,48,1071,9,120,85,215,0,523,2392,12308,591,2765,9381,12622.0,608.0,2431.0,13357.333333333334,581.6666666666666,-314.0,-17.0,13159.0,1081.0
Maharashtra,PUNE RLY.,2012,4,0,2,2,0,2,1,1,0,7,2,23,0,362,10,352,5,1,1,0,0,10,0,3,0,0,0,1,21,445,6,47,724,462.0,4.0,22.0,480.6666666666667,2.6666666666666665,-17.0,2.0,498.0,12.0
Maharashtra,PUNE RURAL,2012,163,97,12,92,0,92,71,51,20,46,30,258,753,1819,947,872,512,63,293,4,43,886,12,128,59,221,0,1150,1721,8433,563,2091,4391,7902.0,471.0,1753.0,7726.666666666667,480.6666666666667,531.0,92.0,9208.0,805.0
Maharashtra,RAIGAD,2012,40,13,0,21,0,21,8,3,5,17,2,42,150,321,71,250,143,19,164,4,8,257,19,37,9,40,0,315,530,2159,129,524,792,1997.0,113.0,409.0,2018.6666666666667,112.0,162.0,16.0,2595.0,277.0
Maharashtra,RATNAGIRI,2012,10,12,1,11,0,11,4,3,1,9,1,35,167,171,36,135,89,24,63,7,9,172,2,31,17,38,0,150,375,1398,102,334,509,1463.0,143.0,334.0,1514.6666666666667,129.66666666666666,-65.0,-41.0,1568.0,182.0
Maharashtra,SANGLI,2012,47,41,5,33,0,33,35,23,12,12,2,34,190,500,187,313,202,19,219,5,23,373,8,57,15,64,0,318,581,2783,200,770,1190,2743.0,215.0,718.0,2814.0,210.66666666666666,40.0,-15.0,3353.0,415.0
Maharashtra,SATARA,2012,65,48,5,43,0,43,36,25,11,51,13,208,505,1111,396,715,294,38,210,7,35,527,0,78,29,166,0,495,1078,5042,341,1226,2727,4312.0,347.0,936.0,4337.0,305.6666666666667,730.0,-6.0,6086.0,682.0
Maharashtra,SINDHUDURG,2012,8,7,1,9,0,9,8,5,3,4,0,12,86,91,18,73,49,12,79,2,11,110,0,20,17,11,0,77,189,803,62,204,268,792.0,43.0,210.0,826.3333333333334,43.333333333333336,11.0,19.0,841.0,90.0
Maharashtra,SOLAPUR COMMR.,2012,18,27,0,25,0,25,24,21,3,23,1,98,187,557,335,222,132,6,106,2,5,177,1,31,10,53,0,80,429,1992,141,501,1301,1965.0,148.0,462.0,1684.3333333333333,128.33333333333334,27.0,-7.0,2166.0,202.0
Maharashtra,SOLAPUR RURAL,2012,92,52,7,67,0,67,38,24,14,15,4,60,261,846,241,605,365,27,151,4,40,655,3,58,40,151,0,558,982,4476,343,1336,1953,4716.0,392.0,1459.0,4700.333333333333,407.0,-240.0,-49.0,5057.0,394.0
Maharashtra,THANE COMMR.,2012,110,93,6,107,0,107,124,77,47,23,15,757,1199,2435,1239,1196,280,82,867,35,29,1378,4,203,28,330,0,354,1685,10144,749,2855,6069,9653.0,698.0,2934.0,9722.0,710.0,491.0,51.0,12631.0,1383.0
Maharashtra,THANE RURAL,2012,146,74,8,63,0,63,64,37,27,48,13,389,897,1291,609,682,394,48,528,11,26,913,6,155,32,111,0,715,987,6919,404,2051,3479,6005.0,285.0,1773.0,5879.333333333333,307.3333333333333,914.0,119.0,7477.0,756.0
Maharashtra,WARDHA,2012,30,32,4,40,0,40,26,25,1,7,3,63,233,656,108,548,82,23,81,1,22,704,0,93,30,59,0,180,1195,3564,247,981,1545,3492.0,255.0,945.0,3805.0,288.3333333333333,72.0,-8.0,3959.0,499.0
Maharashtra,WASHIM,2012,40,31,4,31,0,31,29,27,2,4,3,35,124,303,78,225,124,6,49,1,21,393,6,84,19,133,0,111,690,2241,300,687,730,2279.0,256.0,680.0,2156.6666666666665,227.66666666666666,-38.0,44.0,2513.0,374.0
Maharashtra,YAVATMAL,2012,71,71,7,64,0,64,65,60,5,10,1,94,342,959,202,757,165,27,101,5,50,1064,18,143,66,247,0,273,2522,6365,598,1601,2260,5008.0,451.0,1439.0,4811.666666666667,433.6666666666667,1357.0,147.0,12567.0,1740.0
Maharashtra,AHMEDNAGAR,2013,112,71,6,105,0,105,81,54,27,44,8,351,552,1603,555,1048,584,52,251,7,52,759,10,243,34,397,0,733,1879,7934,843,2069,3758,7246.0,857.0,1963.0,7369.666666666667,900.0,688.0,-14.0,6957.0,687.0
Maharashtra,AKOLA,2013,35,47,2,46,0,46,31,24,7,17,4,79,198,731,156,575,152,10,116,1,31,942,4,200,35,121,0,118,1059,3979,430,1334,1660,3442.0,261.0,996.0,3979.6666666666665,320.6666666666667,537.0,169.0,4433.0,449.0
Maharashtra,AMRAVATI COMMR.,2013,19,41,2,26,0,26,27,22,5,5,1,72,205,651,159,492,101,27,65,3,10,392,2,96,27,38,0,65,901,2776,211,680,1507,2713.0,178.0,621.0,2907.6666666666665,196.0,63.0,33.0,3338.0,300.0
Maharashtra,AMRAVATI RURAL,2013,55,60,4,78,0,78,53,45,8,5,0,48,222,985,105,880,96,17,62,3,68,1445,1,317,35,175,0,238,1473,5440,651,1839,2192,4442.0,419.0,1196.0,4414.666666666667,410.0,998.0,232.0,6948.0,788.0
Maharashtra,AURANGABAD COMMR.,2013,32,50,0,22,0,22,49,35,14,21,4,166,295,1184,619,565,181,19,238,3,29,500,5,173,38,151,0,157,716,4033,424,1000,2663,3659.0,272.0,960.0,3797.6666666666665,282.0,374.0,152.0,4821.0,457.0
Maharashtra,AURANGABAD RURAL,2013,45,65,4,36,0,36,23,15,8,24,5,50,170,848,147,701,343,6,89,1,22,784,14,167,31,273,0,271,1294,4565,536,1350,1866,3562.0,453.0,1352.0,3333.0,414.3333333333333,1003.0,83.0,4237.0,448.0
Maharashtra,BEED,2013,79,83,11,92,0,92,71,52,19,19,9,105,343,618,219,399,397,92,198,0,49,864,5,230,12,382,0,293,761,4713,773,1702,1579,4099.0,539.0,1551.0,4126.0,545.3333333333334,614.0,234.0,4864.0,682.0
Maharashtra,BHANDARA,2013,28,12,0,40,0,40,20,13,7,4,0,27,132,533,66,467,54,16,51,0,23,306,0,74,41,52,0,178,666,2257,220,487,1198,2019.0,165.0,514.0,2112.6666666666665,149.0,238.0,55.0,2003.0,173.0
Maharashtra,BULDHANA,2013,54,43,3,56,0,56,21,15,6,8,1,41,182,533,125,408,228,16,99,3,47,1074,20,185,66,140,0,248,956,4024,482,1520,1248,3497.0,419.0,1082.0,3790.3333333333335,421.6666666666667,527.0,63.0,4453.0,529.0
Maharashtra,CHANDRAPUR,2013,37,25,4,88,0,88,38,25,13,5,2,53,284,800,209,591,116,41,71,1,32,663,8,179,123,180,0,273,1453,4476,603,1024,1884,3763.0,400.0,880.0,3865.6666666666665,408.3333333333333,713.0,203.0,4441.0,556.0
Maharashtra,DHULE,2013,47,52,1,40,0,40,27,25,2,42,1,89,184,353,119,234,213,56,87,0,7,302,6,58,9,228,0,324,1010,3136,366,771,890,2542.0,296.0,663.0,2755.0,304.0,594.0,70.0,2818.0,356.0
Maharashtra,GADCHIROLI,2013,42,61,1,33,0,33,6,5,1,3,0,6,97,131,36,95,16,9,18,1,22,186,0,53,6,14,0,101,227,1033,111,351,359,981.0,71.0,353.0,1006.6666666666666,72.33333333333333,52.0,40.0,875.0,72.0
Maharashtra,GONDIA,2013,31,10,4,52,0,52,24,21,3,5,1,9,174,246,52,194,28,4,58,2,15,352,1,94,10,55,0,137,575,1887,233,510,666,1772.0,155.0,520.0,1900.3333333333333,175.33333333333334,115.0,78.0,1836.0,226.0
Maharashtra,HINGOLI,2013,27,22,1,15,0,15,15,12,3,1,5,8,56,122,27,95,87,10,66,0,9,311,4,55,2,86,0,101,397,1400,174,486,300,1391.0,148.0,491.0,1666.3333333333333,159.0,9.0,26.0,1761.0,203.0
Maharashtra,JALGAON,2013,73,90,5,58,0,58,59,53,6,35,3,114,368,976,269,707,315,110,219,5,35,652,2,238,42,425,0,401,1323,5548,818,1366,2320,4954.0,679.0,1292.0,5293.333333333333,674.0,594.0,139.0,6531.0,822.0
Maharashtra,JALNA,2013,57,92,4,35,0,35,31,29,2,19,8,61,225,492,155,337,215,16,105,2,29,532,50,132,6,351,0,172,539,3173,603,1027,1209,3051.0,480.0,1027.0,3009.3333333333335,458.3333333333333,122.0,123.0,3372.0,535.0
Maharashtra,KOLHAPUR,2013,68,57,0,84,0,84,53,43,10,20,2,163,403,886,379,507,348,64,292,4,22,520,14,117,37,204,0,367,1075,4800,499,1293,2175,4554.0,333.0,1220.0,4131.666666666667,288.0,246.0,166.0,4942.0,432.0
Maharashtra,LATUR,2013,67,45,7,37,0,37,38,38,0,24,1,50,264,427,163,264,254,12,102,1,37,570,4,116,3,297,0,259,828,3443,495,1068,1118,3237.0,330.0,1044.0,3389.3333333333335,326.6666666666667,206.0,165.0,4070.0,560.0
Maharashtra,MUMBAI COMMR.,2013,170,190,8,391,0,391,381,251,130,41,19,2757,2936,10561,3789,6772,385,697,2134,48,47,3922,21,1163,444,602,0,586,7337,34840,2872,8204,24058,30508.0,1621.0,6282.0,32362.333333333332,1472.0,4332.0,1251.0,40361.0,3632.0
Maharashtra,NAGPUR COMMR.,2013,103,85,7,91,0,91,118,80,38,15,21,492,1159,2764,1430,1334,207,69,268,3,26,1012,4,209,52,218,0,321,2182,9426,654,2115,6687,8277.0,405.0,1932.0,8022.666666666667,394.3333333333333,1149.0,249.0,10359.0,758.0
Maharashtra,NAGPUR RURAL,2013,50,32,6,75,0,75,32,29,3,7,8,43,227,951,165,786,78,41,57,0,20,613,4,149,28,82,0,375,1364,4242,367,929,2129,3622.0,229.0,805.0,3811.6666666666665,225.33333333333334,620.0,138.0,4564.0,379.0
Maharashtra,NANDED,2013,60,71,10,64,0,64,61,48,13,20,3,61,431,538,201,337,293,27,232,0,46,967,30,135,6,341,0,229,1433,5058,624,1587,1507,4668.0,602.0,1510.0,5047.333333333333,559.6666666666666,390.0,22.0,4600.0,379.0
Maharashtra,NANDURBAR,2013,26,15,0,23,0,23,20,19,1,17,0,10,85,181,53,128,100,17,45,1,3,240,1,44,13,75,0,126,516,1558,175,434,447,1358.0,131.0,440.0,1462.0,155.33333333333334,200.0,44.0,1425.0,118.0
Maharashtra,NASIK COMMR.,2013,35,20,2,20,0,20,31,16,15,13,19,145,279,905,489,416,93,32,154,24,7,248,7,96,9,181,0,127,1954,4401,329,594,2089,4390.0,235.0,582.0,4462.0,225.66666666666666,11.0,94.0,3883.0,386.0
Maharashtra,NASIK RURAL,2013,82,59,2,85,0,85,49,36,13,47,11,120,314,908,347,561,452,33,236,7,30,794,9,224,21,405,0,750,1839,6477,780,1643,2130,5216.0,526.0,1460.0,5072.0,517.3333333333334,1261.0,254.0,6832.0,757.0
Maharashtra,NAVI MUMBAI,2013,48,31,4,69,0,69,84,36,48,15,9,350,662,1352,685,667,83,75,406,6,7,444,8,138,55,139,0,320,1085,5390,445,1113,3366,5157.0,230.0,1079.0,5562.666666666667,230.0,233.0,215.0,5903.0,566.0
Maharashtra,OSMANABAD,2013,37,47,7,48,0,48,37,26,11,18,4,30,179,380,83,297,206,15,128,0,23,517,4,127,12,166,0,270,609,2864,383,929,939,3055.0,334.0,1017.0,2989.6666666666665,322.6666666666667,-191.0,49.0,2825.0,310.0
Maharashtra,PARBHANI,2013,48,88,5,40,0,40,66,37,29,35,0,68,338,519,161,358,198,15,157,2,36,934,4,132,6,271,0,132,479,3573,490,1447,1376,2836.0,363.0,1244.0,2948.6666666666665,342.0,737.0,127.0,3606.0,451.0
Maharashtra,PUNE COMMR.,2013,129,137,10,171,0,171,177,125,52,20,40,866,1195,4091,2400,1691,496,67,943,26,34,1018,9,304,128,344,0,533,2421,13159,1081,3004,9377,12308.0,591.0,2765.0,12844.0,590.3333333333334,851.0,490.0,14468.0,1258.0
Maharashtra,PUNE RURAL,2013,132,108,13,150,0,150,100,76,24,42,24,279,887,2241,1072,1169,578,83,328,11,45,901,6,277,72,224,0,965,1742,9208,805,2261,5369,8433.0,563.0,2091.0,8025.333333333333,506.6666666666667,775.0,242.0,10334.0,927.0
Maharashtra,RAIGAD,2013,39,24,1,42,0,42,17,14,3,12,0,65,181,484,103,381,181,17,141,7,9,314,4,92,45,80,0,266,574,2595,277,683,1149,2159.0,129.0,524.0,2054.0,120.66666666666667,436.0,148.0,2601.0,258.0
Maharashtra,RATNAGIRI,2013,18,12,2,27,0,27,15,8,7,8,0,38,157,245,47,198,85,30,86,2,6,162,0,82,26,39,0,157,371,1568,182,359,647,1398.0,102.0,334.0,1488.3333333333333,120.66666666666667,170.0,80.0,1568.0,147.0
Maharashtra,SANGLI,2013,59,42,5,77,0,77,45,33,12,3,5,45,257,545,189,356,233,15,186,7,21,467,8,141,15,141,0,349,687,3353,415,973,1347,2783.0,200.0,770.0,2816.0,217.66666666666666,570.0,215.0,5171.0,361.0
Maharashtra,SATARA,2013,62,72,7,88,0,88,59,47,12,53,7,275,608,1458,425,1033,417,53,214,6,22,566,4,297,45,201,0,410,1162,6086,682,1546,3524,5042.0,341.0,1226.0,4567.666666666667,338.3333333333333,1044.0,341.0,6062.0,582.0
Maharashtra,SINDHUDURG,2013,12,6,1,11,0,11,7,5,2,3,0,14,90,117,15,102,49,16,45,2,12,108,0,50,12,12,0,93,181,841,90,208,324,803.0,62.0,204.0,803.3333333333334,50.333333333333336,38.0,28.0,789.0,66.0
Maharashtra,SOLAPUR COMMR.,2013,18,30,0,37,0,37,39,25,14,31,2,139,249,539,295,244,136,13,147,1,3,194,1,53,23,63,0,86,362,2166,202,593,1327,1992.0,141.0,501.0,1860.0,138.33333333333334,174.0,61.0,2186.0,171.0
Maharashtra,SOLAPUR RURAL,2013,74,45,12,82,0,82,39,25,14,21,2,85,340,1290,283,1007,397,29,130,8,34,728,1,149,28,109,0,496,958,5057,394,1462,2920,4476.0,343.0,1336.0,4647.666666666667,391.3333333333333,581.0,51.0,6235.0,484.0
Maharashtra,THANE COMMR.,2013,96,107,6,182,0,182,302,178,124,32,12,1071,1595,2856,1484,1372,376,148,1043,23,53,1586,14,467,119,423,0,336,1784,12631,1383,3726,7307,10144.0,749.0,2855.0,9913.333333333334,719.6666666666666,2487.0,634.0,13227.0,1528.0
Maharashtra,THANE RURAL,2013,133,83,10,133,0,133,82,52,30,45,12,444,864,1514,667,847,359,50,558,9,13,913,8,246,100,217,0,676,1008,7477,756,2157,3892,6919.0,404.0,2051.0,6379.0,339.6666666666667,558.0,352.0,3641.0,448.0
Maharashtra,WARDHA,2013,45,49,7,73,0,73,51,47,4,4,4,71,305,736,103,633,77,16,67,0,66,645,1,227,35,116,0,161,1203,3959,499,1018,1777,3564.0,247.0,981.0,3646.0,279.6666666666667,395.0,252.0,3687.0,361.0
Maharashtra,WASHIM,2013,27,43,2,26,0,26,24,21,3,2,0,31,136,343,91,252,141,4,77,0,24,424,10,153,22,142,0,125,757,2513,374,718,822,2241.0,300.0,687.0,2196.6666666666665,251.66666666666666,272.0,74.0,2579.0,356.0
Maharashtra,YAVATMAL,2013,85,91,16,104,0,104,124,105,19,19,1,149,494,1472,239,1233,246,46,168,2,71,1856,12,388,750,381,0,243,5849,12567,1740,2671,3438,6365.0,598.0,1601.0,5383.333333333333,487.3333333333333,6202.0,1142.0,9951.0,1433.0
